"site";"country";"date";"total_spend";"impressions";"sessions";"conversions"
"CAP";"UK";2023-01-31;19051.08;38847;15450;1029
"CAP";"UK";2023-01-30;20011.97;39353;15497;1011
"CAP";"UK";2023-01-29;15314.75;27115;10758;480
"CAP";"UK";2023-01-28;13223.09;26754;10516;480
"CAP";"UK";2023-01-27;20017.61;39125;15361;960
"CAP";"UK";2023-01-26;31002.88;50759;20285;1152
"CAP";"UK";2023-01-25;32477.03;54538;21587;1047
"CAP";"UK";2023-01-24;35848.03;58297;22910;1290
"CAP";"UK";2023-01-23;32936.45;53344;21105;1194
"CAP";"UK";2023-01-22;22624.99;36730;14559;462
"CAP";"UK";2023-01-21;21364.63;37652;14778;546
"CAP";"UK";2023-01-20;31272.27;54785;21717;1011
"CAP";"UK";2023-01-19;38254.4;61611;24315;1155
"CAP";"UK";2023-01-18;43176.81;68574;27119;1407
"CAP";"UK";2023-01-17;45825.29;70219;28030;1470
"CAP";"UK";2023-01-16;43671.51;66139;25988;1245
"CAP";"UK";2023-01-15;28042.24;44242;17610;633
"CAP";"UK";2023-01-14;24759.7;41690;16662;588
"CAP";"UK";2023-01-13;38823.19;61229;24332;1122
"CAP";"UK";2023-01-12;52410.6;77018;30230;1668
"CAP";"UK";2023-01-11;66796.33;91097;35802;1776
"CAP";"UK";2023-01-10;73246.93;93204;36772;1773
"CAP";"UK";2023-01-09;70229.66;88046;34773;1659
"CAP";"UK";2023-01-08;41662.61;54090;21214;684
"CAP";"UK";2023-01-07;34031.92;48470;19137;699
"CAP";"UK";2023-01-06;54686.33;71162;28067;1299
"CAP";"UK";2023-01-05;60722.76;82119;32494;1782
"CAP";"UK";2023-01-04;61305.93;77998;30833;1683
"CAP";"UK";2023-01-03;25273.49;46907;18655;1254
"CAP";"UK";2023-01-02;16189.24;37425;14926;951
"CAP";"UK";2023-01-01;10755.98;20276;7957;285
"CAP";"UK";2022-12-31;10947.83;21285;8363;336
"CAP";"UK";2022-12-30;15903.35;30125;11886;543
"CAP";"UK";2022-12-29;18211.89;35041;13797;789
"CAP";"UK";2022-12-28;18532.08;37729;15084;744
"CAP";"UK";2022-12-27;17494.69;36566;14488;654
"CAP";"UK";2022-12-26;14656.06;30036;11835;579
"CAP";"UK";2022-12-25;12133.88;19612;7811;216
"CAP";"UK";2022-12-24;12222.91;20869;8295;270
"CAP";"UK";2022-12-23;17733.35;30965;12329;546
"CAP";"UK";2022-12-22;25116.71;39415;15721;942
"CAP";"UK";2022-12-21;28434.55;44045;17473;777
"CAP";"UK";2022-12-20;34534.67;50331;19967;939
"CAP";"UK";2022-12-19;34673.93;48261;19163;831
"CAP";"UK";2022-12-18;22237.41;31062;12387;396
"CAP";"UK";2022-12-17;21146.25;33515;13369;447
"CAP";"UK";2022-12-16;35725.25;52981;21094;879
"CAP";"UK";2022-12-15;46607.41;60824;24105;1038
"CAP";"UK";2022-12-14;45499.76;62089;24704;990
"CAP";"UK";2022-12-13;43967.61;65891;25912;1077
"CAP";"UK";2022-12-12;43064.87;63954;25558;1059
"CAP";"UK";2022-12-11;26719.1;40046;15878;480
"CAP";"UK";2022-12-10;22522.95;35214;13864;402
"CAP";"UK";2022-12-09;37051.45;55031;21959;702
"CAP";"UK";2022-12-08;40441.59;61282;24241;879
"CAP";"UK";2022-12-07;40406.97;60840;24236;981
"CAP";"UK";2022-12-06;46033.81;67737;27026;1167
"CAP";"UK";2022-12-05;46367.24;65906;25971;987
"CAP";"UK";2022-12-04;25814.98;37433;14710;480
"CAP";"UK";2022-12-03;10135.53;22558;8956;378
"CAP";"UK";2022-12-02;16755.7;35607;14056;606
"CAP";"UK";2022-12-01;27923.03;51983;20754;1011
"CAP";"UK";2022-11-30;40647;64605;25645;1476
"CAP";"UK";2022-11-29;43200.72;65357;26000;1350
"CAP";"UK";2022-11-28;42569.25;63587;25027;1110
"CAP";"UK";2022-11-27;26385.23;38351;15204;594
"CAP";"UK";2022-11-26;21660.45;36507;14370;600
"CAP";"UK";2022-11-25;28943.9;47822;18823;834
"CAP";"UK";2022-11-24;34579.03;53593;21102;1062
"CAP";"UK";2022-11-23;37453.31;62074;24613;1179
"CAP";"UK";2022-11-22;41231.67;70067;27610;1341
"CAP";"UK";2022-11-21;40334.13;66231;26163;1146
"CAP";"UK";2022-11-20;26728.63;43144;17016;528
"CAP";"UK";2022-11-19;24016.13;41348;16539;558
"CAP";"UK";2022-11-18;39561.37;64712;25641;1038
"CAP";"UK";2022-11-17;48317.85;74793;29786;1326
"CAP";"UK";2022-11-16;52226.26;81499;32354;1407
"CAP";"UK";2022-11-15;58962.17;83653;33056;1338
"CAP";"UK";2022-11-14;55365.71;83169;33035;1290
"CAP";"UK";2022-11-13;38030.02;58349;23288;711
"CAP";"UK";2022-11-12;31021.92;51625;20550;621
"CAP";"UK";2022-11-11;50148.58;84413;33320;1035
"CAP";"UK";2022-11-10;65687.75;99968;39656;1587
"CAP";"UK";2022-11-09;71008.73;106475;41929;1779
"CAP";"UK";2022-11-08;76070.21;107298;42831;2109
"CAP";"UK";2022-11-07;59599.63;78726;31219;1350
"CAP";"UK";2022-11-06;36252.03;52349;20535;636
"CAP";"UK";2022-11-05;32039.85;48738;19153;627
"CAP";"UK";2022-11-04;41833.03;61534;24185;996
"CAP";"UK";2022-11-03;37860.15;59234;23611;1014
"CAP";"UK";2022-11-02;32876.2;48674;19419;906
"CAP";"UK";2022-11-01;26972.66;46163;18227;942
"CAP";"UK";2022-10-31;26202.77;45070;17905;1023
"CAP";"UK";2022-10-30;20206.35;32572;12860;504
"CAP";"UK";2022-10-29;19295.57;34381;13665;441
"CAP";"UK";2022-10-28;28367.05;49575;19756;900
"CAP";"UK";2022-10-27;34685.62;57473;22635;1023
"CAP";"UK";2022-10-26;38450.13;62514;24959;1050
"CAP";"UK";2022-10-25;39765.42;67320;26679;1299
"CAP";"UK";2022-10-24;46305.16;73358;29046;1599
"CAP";"UK";2022-10-23;33555.05;48993;19365;735
"CAP";"UK";2022-10-22;32418.94;48702;19352;699
"CAP";"UK";2022-10-21;45407.39;67741;26834;1218
"CAP";"UK";2022-10-20;55468;79341;31142;1500
"CAP";"UK";2022-10-19;53270.89;76739;30402;1683
"CAP";"UK";2022-10-18;52195.45;75168;29541;1677
"CAP";"UK";2022-10-17;55313.17;76950;30227;1746
"CAP";"UK";2022-10-16;35200;46909;18538;789
"CAP";"UK";2022-10-15;33019.23;47353;18787;750
"CAP";"UK";2022-10-14;45619.47;67932;27093;1245
"CAP";"UK";2022-10-13;56816.69;80116;31458;1506
"CAP";"UK";2022-10-12;54604.28;68530;27248;1299
"CAP";"UK";2022-10-11;57069.03;78355;31304;1704
"CAP";"UK";2022-10-10;55114.84;79608;31251;1620
"CAP";"UK";2022-10-09;34769.05;47026;18543;720
"CAP";"UK";2022-10-08;30938.93;44827;17880;669
"CAP";"UK";2022-10-07;47188.91;67741;26802;1251
"CAP";"UK";2022-10-06;56316.76;80706;31678;1485
"CAP";"UK";2022-10-05;57952.47;83294;32932;1572
"CAP";"UK";2022-10-04;42475.61;69278;27489;1221
"CAP";"UK";2022-10-03;35769.25;59673;23564;999
"CAP";"UK";2022-10-02;23953.71;36044;14326;369
"CAP";"UK";2022-10-01;23928.74;40895;16258;513
"CAP";"UK";2022-09-30;35375.55;57135;22754;927
"CAP";"UK";2022-09-29;36230.87;59650;23685;1047
"CAP";"UK";2022-09-28;41979.21;68987;27062;1338
"CAP";"UK";2022-09-27;49045.3;69988;27909;1404
"CAP";"UK";2022-09-26;45871.84;65757;26255;1341
"CAP";"UK";2022-09-25;29888.08;45409;18112;744
"CAP";"UK";2022-09-24;27845.2;44293;17476;621
"CAP";"UK";2022-09-23;35438.21;57557;22741;1017
"CAP";"UK";2022-09-22;46109.52;62978;24750;1455
"CAP";"UK";2022-09-21;47673.97;62824;24796;1419
"CAP";"UK";2022-09-20;52088.07;66582;26246;1584
"CAP";"UK";2022-09-19;42530.33;59734;23647;1416
"CAP";"UK";2022-09-18;32380.15;42858;16920;651
"CAP";"UK";2022-09-17;20413.92;33654;13244;552
"CAP";"UK";2022-09-16;40853.52;54141;21321;1107
"CAP";"UK";2022-09-15;47107.81;58229;22844;1419
"CAP";"UK";2022-09-14;49556.66;60477;23980;1491
"CAP";"UK";2022-09-13;55115.29;63818;25369;1257
"CAP";"UK";2022-09-12;51117.13;59266;23514;1146
"CAP";"UK";2022-09-11;30461.71;36475;14587;444
"CAP";"UK";2022-09-10;25300.55;33121;13200;462
"CAP";"UK";2022-09-09;36326.11;46785;18404;981
"CAP";"UK";2022-09-08;45289.23;51901;20665;1131
"CAP";"UK";2022-09-07;48391.45;50978;20294;927
"CAP";"UK";2022-09-06;50458.21;54679;21838;999
"CAP";"UK";2022-09-05;44825.22;50680;20173;1026
"CAP";"UK";2022-09-04;23886.5;29881;11780;441
"CAP";"UK";2022-09-03;17092.83;26881;10573;378
"CAP";"UK";2022-09-02;24405.95;36035;14272;612
"CAP";"UK";2022-09-01;28569.69;40431;16048;876
"CAP";"UK";2022-08-31;31361.05;43596;17353;945
"CAP";"UK";2022-08-30;33207.15;45947;18338;1131
"CAP";"UK";2022-08-29;30786.53;46387;18411;1218
"CAP";"UK";2022-08-28;22348.41;31375;12408;534
"CAP";"UK";2022-08-27;19398.73;29239;11645;504
"CAP";"UK";2022-08-26;31798.97;41872;16601;912
"CAP";"UK";2022-08-25;40283.7;47996;19115;987
"CAP";"UK";2022-08-24;42537.15;48310;19132;1110
"CAP";"UK";2022-08-23;46450.75;52428;20824;1095
"CAP";"UK";2022-08-22;44236.02;50718;20027;957
"CAP";"UK";2022-08-21;27346.11;32605;12945;480
"CAP";"UK";2022-08-20;23215.28;31449;12491;489
"CAP";"UK";2022-08-19;39052.27;45950;18186;867
"CAP";"UK";2022-08-18;43180.4;52034;20510;1143
"CAP";"UK";2022-08-17;47039.77;53912;21470;1179
"CAP";"UK";2022-08-16;47066.06;55759;22121;1167
"CAP";"UK";2022-08-15;45492.46;53010;21092;1281
"CAP";"UK";2022-08-14;28395.01;32545;12856;522
"CAP";"UK";2022-08-13;22990.56;30529;12167;564
"CAP";"UK";2022-08-12;36199.79;43282;17019;930
"CAP";"UK";2022-08-11;44378.59;48790;19229;1185
"CAP";"UK";2022-08-10;46852.94;48074;18976;1158
"CAP";"UK";2022-08-09;45954.99;50846;20090;1158
"CAP";"UK";2022-08-08;43448.91;48163;19123;1038
"CAP";"UK";2022-08-07;22639.33;28721;11368;483
"CAP";"UK";2022-08-06;20056.06;27022;10623;519
"CAP";"UK";2022-08-05;30649.45;36047;14253;822
"CAP";"UK";2022-08-04;33728.93;39924;15706;1092
"CAP";"UK";2022-08-03;29646.41;40363;16045;1008
"CAP";"UK";2022-08-02;29163.93;38432;15158;939
"CAP";"UK";2022-08-01;24474.05;33952;13509;882
"CAP";"UK";2022-07-31;14323.5;20802;8223;321
"CAP";"UK";2022-07-30;12510.73;21096;8358;312
"CAP";"UK";2022-07-29;20937.93;30556;12158;645
"CAP";"UK";2022-07-28;23259.53;33623;13299;819
"CAP";"UK";2022-07-27;28084.81;37472;14720;777
"CAP";"UK";2022-07-26;32690.83;40228;15806;960
"CAP";"UK";2022-07-25;30713.47;37987;15112;861
"CAP";"UK";2022-07-24;17803;22604;8984;321
"CAP";"UK";2022-07-23;14844.99;21937;8605;417
"CAP";"UK";2022-07-22;28025.09;35338;13962;744
"CAP";"UK";2022-07-21;29550.72;36856;14471;858
"CAP";"UK";2022-07-20;27143.49;34968;13858;909
"CAP";"UK";2022-07-19;28725.54;38387;15231;933
"CAP";"UK";2022-07-18;30372.91;40353;15931;939
"CAP";"UK";2022-07-17;19936.27;25164;10035;510
"CAP";"UK";2022-07-16;16809.18;25140;9942;429
"CAP";"UK";2022-07-15;26938.55;35659;14196;798
"CAP";"UK";2022-07-14;32159.62;39353;15444;822
"CAP";"UK";2022-07-13;33002.05;39973;15799;1077
"CAP";"UK";2022-07-12;35706.61;43120;17072;1185
"CAP";"UK";2022-07-11;34377.16;40939;16245;1137
"CAP";"UK";2022-07-10;20500;25674;10092;480
"CAP";"UK";2022-07-09;18321.23;23908;9494;465
"CAP";"UK";2022-07-08;27984.45;35104;13961;972
"CAP";"UK";2022-07-07;34455.57;41032;16357;1092
"CAP";"UK";2022-07-06;35697.57;41921;16711;1077
"CAP";"UK";2022-07-05;36110.5;42932;17009;1041
"CAP";"UK";2022-07-04;34005.81;40549;16138;1035
"CAP";"UK";2022-07-03;18030.46;22673;9030;447
"CAP";"UK";2022-07-02;15220.55;20792;8206;465
"CAP";"UK";2022-07-01;21288.79;31465;12574;786
"CAP";"UK";2022-06-30;26198.55;37037;14610;840
"CAP";"UK";2022-06-29;27702.9;37993;15091;1068
"CAP";"UK";2022-06-28;27620.09;38560;15299;1023
"CAP";"UK";2022-06-27;29490.09;41953;16510;882
"CAP";"UK";2022-06-26;17044.89;24716;9708;348
"CAP";"UK";2022-06-25;13942.67;22200;8830;354
"CAP";"UK";2022-06-24;21489.45;31718;12448;609
"CAP";"UK";2022-06-23;25780.89;36507;14393;876
"CAP";"UK";2022-06-22;29340.78;44465;17545;1056
"CAP";"UK";2022-06-21;33465.79;45128;18032;1011
"CAP";"UK";2022-06-20;35293.08;48037;19064;1134
"CAP";"UK";2022-06-19;19957.55;28550;11312;366
"CAP";"UK";2022-06-18;17762.73;27755;10979;432
"CAP";"UK";2022-06-17;27884.76;39938;15755;750
"CAP";"UK";2022-06-16;31399.43;44691;17555;894
"CAP";"UK";2022-06-15;38892.62;56035;22140;1170
"CAP";"UK";2022-06-14;41897.25;59054;23421;954
"CAP";"UK";2022-06-13;45798.07;64555;25545;1239
"CAP";"UK";2022-06-12;24990.31;37571;15011;591
"CAP";"UK";2022-06-11;22091.87;34899;13887;504
"CAP";"UK";2022-06-10;34124.41;53368;21179;1116
"CAP";"UK";2022-06-09;39711.15;60634;24158;1230
"CAP";"UK";2022-06-08;38676.31;61341;24135;1338
"CAP";"UK";2022-06-07;41075.71;64772;25830;1479
"CAP";"UK";2022-06-06;35002.53;57568;22663;1176
"CAP";"UK";2022-06-05;22246.09;35456;14029;648
"CAP";"UK";2022-06-04;16672.81;27890;11010;528
"CAP";"UK";2022-06-03;19533.18;37980;15140;918
"CAP";"UK";2022-06-02;26225.11;48203;19040;1110
"CAP";"UK";2022-06-01;30950.81;48181;19153;1122
"CAP";"UK";2022-05-31;33383.93;53859;21236;1545
"CAP";"UK";2022-05-30;36226.46;57629;22869;1707
"CAP";"UK";2022-05-29;21497.89;35059;13757;780
"CAP";"UK";2022-05-28;16947.69;30542;11985;621
"CAP";"UK";2022-05-27;27310.98;43820;17277;1149
"CAP";"UK";2022-05-26;30511.61;46124;18355;1242
"CAP";"UK";2022-05-25;36070.18;52444;20885;1227
"CAP";"UK";2022-05-24;38957.24;55958;22121;1629
"CAP";"UK";2022-05-23;36966.97;53052;21108;1677
"CAP";"UK";2022-05-22;21827.94;34649;13714;870
"CAP";"UK";2022-05-21;17953.43;31474;12395;810
"CAP";"UK";2022-05-20;30764.87;47910;19100;1461
"CAP";"UK";2022-05-19;37184.71;56221;22308;1695
"CAP";"UK";2022-05-18;39383.35;55054;21816;1827
"CAP";"UK";2022-05-17;38500.17;56219;22104;1773
"CAP";"UK";2022-05-16;41323.83;59924;23534;1776
"CAP";"UK";2022-05-15;23245.07;35269;13863;549
"CAP";"UK";2022-05-14;18257.19;30764;12142;552
"CAP";"UK";2022-05-13;29734.65;46991;18446;1155
"CAP";"UK";2022-05-12;39839.82;59273;23467;1512
"CAP";"UK";2022-05-11;43630.65;60302;23846;1641
"CAP";"UK";2022-05-10;44600.1;61101;24277;1509
"CAP";"UK";2022-05-09;42754.15;59531;23648;1548
"CAP";"UK";2022-05-08;24190.55;33408;13358;693
"CAP";"UK";2022-05-07;22209.99;34754;13763;621
"CAP";"UK";2022-05-06;37596.1;52697;20718;1350
"CAP";"UK";2022-05-05;40494.63;55022;22006;1557
"CAP";"UK";2022-05-04;40038.83;56954;22749;1677
"CAP";"UK";2022-05-03;35919.2;54458;21712;1599
"CAP";"UK";2022-05-02;34383.21;55182;21738;1635
"CAP";"UK";2022-05-01;24187.45;37019;14593;765
"CAP";"UK";2022-04-30;19409.11;32375;12703;600
"CAP";"UK";2022-04-29;30088.75;44055;17459;963
"CAP";"UK";2022-04-28;35829.15;50455;20152;1365
"CAP";"UK";2022-04-27;36161.09;49851;19685;1179
"CAP";"UK";2022-04-26;38263.52;52700;20765;1083
"CAP";"UK";2022-04-25;38831.85;52002;20744;999
"CAP";"UK";2022-04-24;22077.27;32952;13077;423
"CAP";"UK";2022-04-23;19355.85;29886;11901;489
"CAP";"UK";2022-04-22;31926.65;42417;16947;720
"CAP";"UK";2022-04-21;41007.75;46737;18548;882
"CAP";"UK";2022-04-20;42322.77;50310;20098;1161
"CAP";"UK";2022-04-19;43159.09;51587;20542;1200
"CAP";"UK";2022-04-18;26300.11;36965;14770;804
"CAP";"UK";2022-04-17;17383.89;24545;9688;468
"CAP";"UK";2022-04-16;15886.23;23162;9210;444
"CAP";"UK";2022-04-15;21573.48;29116;11623;519
"CAP";"UK";2022-04-14;30510.83;39897;15936;954
"CAP";"UK";2022-04-13;36723.11;49463;19443;1197
"CAP";"UK";2022-04-12;39932.51;53655;21143;1362
"CAP";"UK";2022-04-11;41535.02;54704;21530;1512
"CAP";"UK";2022-04-10;25390.55;35433;13900;825
"CAP";"UK";2022-04-09;24200.55;35496;14169;843
"CAP";"UK";2022-04-08;38682.13;53260;21262;1464
"CAP";"UK";2022-04-07;41268.23;56498;22244;1686
"CAP";"UK";2022-04-06;43836.88;64034;25218;1755
"CAP";"UK";2022-04-05;46562.83;61224;24485;1605
"CAP";"UK";2022-04-04;42646.4;58490;23037;1443
"CAP";"UK";2022-04-03;20728.29;33291;13125;714
"CAP";"UK";2022-04-02;19320.39;33234;13128;786
"CAP";"UK";2022-04-01;30530.71;48088;19052;1332
"CAP";"UK";2022-03-31;37843.15;58380;23279;1488
"CAP";"UK";2022-03-30;44702.98;60842;24333;1458
"CAP";"UK";2022-03-29;46478.83;63295;25091;1776
"CAP";"UK";2022-03-28;44043.43;58705;23253;1479
"CAP";"UK";2022-03-27;24604.98;34189;13570;660
"CAP";"UK";2022-03-26;21704.87;32807;13002;681
"CAP";"UK";2022-03-25;37863.93;51175;20182;1353
"CAP";"UK";2022-03-24;45141.75;57286;22889;1473
"CAP";"UK";2022-03-23;48814.09;59897;23790;1353
"CAP";"UK";2022-03-22;52284.65;62744;24701;1503
"CAP";"UK";2022-03-21;51185.27;60479;23794;1512
"CAP";"UK";2022-03-20;28061.07;36709;14614;630
"CAP";"UK";2022-03-19;24743.19;34422;13672;564
"CAP";"UK";2022-03-18;37001.61;48769;19179;1044
"CAP";"UK";2022-03-17;39028.97;55100;21670;1140
"CAP";"UK";2022-03-16;42625.95;57740;22960;1332
"CAP";"UK";2022-03-15;53280.68;62102;24768;1368
"CAP";"UK";2022-03-14;46464.38;56492;22283;1191
"CAP";"UK";2022-03-13;26242.73;35834;14304;558
"CAP";"UK";2022-03-12;23723.93;32757;13094;480
"CAP";"UK";2022-03-11;37350.94;49546;19430;969
"CAP";"UK";2022-03-10;43773.26;53998;21584;1185
"CAP";"UK";2022-03-09;45031.48;55249;21951;1224
"CAP";"UK";2022-03-08;44782.58;56096;22035;1362
"CAP";"UK";2022-03-07;38000.69;47638;18823;1260
"CAP";"UK";2022-03-06;20347.29;28329;11267;552
"CAP";"UK";2022-03-05;16837.67;26239;10343;531
"CAP";"UK";2022-03-04;26011.32;38766;15252;1047
"CAP";"UK";2022-03-03;29892.72;42420;16862;1266
"CAP";"UK";2022-03-02;30876.95;42800;16953;1350
"CAP";"UK";2022-03-01;30219.34;40104;15821;1221
"CAP";"UK";2022-02-28;31194.65;38680;15276;1092
"CAP";"UK";2022-02-27;18710.11;24443;9653;567
"CAP";"UK";2022-02-26;17183.23;25662;10068;561
"CAP";"UK";2022-02-25;26546.46;37682;14949;1263
"CAP";"UK";2022-02-24;30313.77;41346;16499;1272
"CAP";"UK";2022-02-23;32050.92;45105;17854;1323
"CAP";"UK";2022-02-22;36602.21;49580;19743;1434
"CAP";"UK";2022-02-21;36396.87;48868;19359;1500
"CAP";"UK";2022-02-20;22897.69;30172;11980;624
"CAP";"UK";2022-02-19;17053.99;26081;10231;534
"CAP";"UK";2022-02-18;27710.38;40464;16061;1266
"CAP";"UK";2022-02-17;33721.39;46367;18462;1344
"CAP";"UK";2022-02-16;37956.36;50497;19950;1413
"CAP";"UK";2022-02-15;42217.76;51871;20692;1437
"CAP";"UK";2022-02-14;36825.28;47935;18810;1266
"CAP";"UK";2022-02-13;18635.31;28076;11116;531
"CAP";"UK";2022-02-12;15070.25;27685;11038;636
"CAP";"UK";2022-02-11;26955.43;43879;17336;1284
"CAP";"UK";2022-02-10;34353.81;50366;19757;1488
"CAP";"UK";2022-02-09;32732.43;49458;19522;1389
"CAP";"UK";2022-02-08;33665.68;49408;19599;1422
"CAP";"UK";2022-02-07;33221.79;46074;18311;1347
"CAP";"UK";2022-02-06;19894.77;29312;11532;567
"CAP";"UK";2022-02-05;16566;26644;10627;459
"CAP";"UK";2022-02-04;20055.31;33019;13157;897
"CAP";"UK";2022-02-03;28361.99;43672;17161;1041
"CAP";"UK";2022-02-02;31255.91;45383;18042;1188
"CAP";"UK";2022-02-01;33377.41;47090;18700;1260
"CAP";"UK";2022-01-31;33015.39;46846;18449;1308
"CAP";"UK";2022-01-30;19379.25;30307;12076;561
"CAP";"UK";2022-01-29;16857.51;28753;11497;606
"CAP";"UK";2022-01-28;27725.21;42747;16961;1152
"CAP";"UK";2022-01-27;33488.25;48009;19020;1383
"CAP";"UK";2022-01-26;33762.31;47747;18939;1542
"CAP";"UK";2022-01-25;34119.15;48578;19299;1395
"CAP";"UK";2022-01-24;34573.16;49035;19280;1269
"CAP";"UK";2022-01-23;19762.45;29804;11814;555
"CAP";"UK";2022-01-22;16095.11;26182;10362;558
"CAP";"UK";2022-01-21;25997.33;38518;15116;1170
"CAP";"UK";2022-01-20;30518.47;43963;17317;1233
"CAP";"UK";2022-01-19;39386.39;52230;20805;1638
"CAP";"UK";2022-01-18;41855.95;52419;20839;1572
"CAP";"UK";2022-01-17;43560.09;54091;21224;1515
"CAP";"UK";2022-01-16;22217.43;30715;12144;510
"CAP";"UK";2022-01-15;18629.78;28693;11305;513
"CAP";"UK";2022-01-14;33653.26;45471;18054;1104
"CAP";"UK";2022-01-13;33578.7;48419;19074;1347
"CAP";"UK";2022-01-12;33137.63;49105;19433;1311
"CAP";"UK";2022-01-11;35281.67;50848;19974;1296
"CAP";"UK";2022-01-10;33917.78;49101;19568;1488
"CAP";"UK";2022-01-09;19062.17;31394;12487;594
"CAP";"UK";2022-01-08;16653.02;28043;11196;558
"CAP";"UK";2022-01-07;27347.67;40761;16236;978
"CAP";"UK";2022-01-06;29384.85;43096;16908;1095
"CAP";"UK";2022-01-05;29094.77;42553;16921;1122
"CAP";"UK";2022-01-04;29071.33;44383;17499;1260
"CAP";"UK";2022-01-03;23871.54;41451;16324;1236
"CAP";"UK";2022-01-02;15426.41;26634;10631;663
"CAP";"UK";2022-01-01;12025.03;19109;7607;327
"CAP";"US";2023-01-31;98652.93;154295;61386;1929
"CAP";"US";2023-01-30;110655.01;157127;62724;2070
"CAP";"US";2023-01-29;90336.08;128841;51415;1386
"CAP";"US";2023-01-28;91891.52;136929;53707;1440
"CAP";"US";2023-01-27;115927.39;167380;65657;1986
"CAP";"US";2023-01-26;165680.15;217196;86641;2931
"CAP";"US";2023-01-25;175767.21;228590;89810;2874
"CAP";"US";2023-01-24;169267.89;217948;86186;2769
"CAP";"US";2023-01-23;155915.83;205477;81546;2700
"CAP";"US";2023-01-22;120174.61;169716;67281;1734
"CAP";"US";2023-01-21;118821.13;168270;66370;1596
"CAP";"US";2023-01-20;162542.62;209019;83470;2574
"CAP";"US";2023-01-19;185506.76;237511;94364;2979
"CAP";"US";2023-01-18;197562.81;250429;98826;3156
"CAP";"US";2023-01-17;192222.58;244374;97134;3099
"CAP";"US";2023-01-16;177456.47;234346;92205;2925
"CAP";"US";2023-01-15;138428.22;185605;73924;1770
"CAP";"US";2023-01-14;130894.06;180182;71362;1761
"CAP";"US";2023-01-13;174916.07;225508;89708;2730
"CAP";"US";2023-01-12;202294.54;254280;101323;3279
"CAP";"US";2023-01-11;230643.34;274260;107657;3480
"CAP";"US";2023-01-10;240147.29;276538;109908;3435
"CAP";"US";2023-01-09;238347.3;270895;107331;3501
"CAP";"US";2023-01-08;182849.65;222872;89099;2031
"CAP";"US";2023-01-07;164885.34;206459;81689;1848
"CAP";"US";2023-01-06;225451.47;263203;103942;2772
"CAP";"US";2023-01-05;257430.62;316356;125051;3660
"CAP";"US";2023-01-04;303416.76;320319;127308;3972
"CAP";"US";2023-01-03;132202.7;182725;71810;2343
"CAP";"US";2023-01-02;91003.3;148864;58809;1491
"CAP";"US";2023-01-01;79237.28;122515;48711;909
"CAP";"US";2022-12-31;91333.81;141865;56309;1098
"CAP";"US";2022-12-30;120620.81;170902;68142;1689
"CAP";"US";2022-12-29;131610.19;180153;70839;1872
"CAP";"US";2022-12-28;127662.39;169921;66697;1941
"CAP";"US";2022-12-27;119184.7;163781;64782;1614
"CAP";"US";2022-12-26;98665.97;136514;54248;1125
"CAP";"US";2022-12-25;78249.43;112708;44202;870
"CAP";"US";2022-12-24;86804.83;128817;51286;1053
"CAP";"US";2022-12-23;116916.71;156568;61869;1635
"CAP";"US";2022-12-22;150170.41;184193;73518;2139
"CAP";"US";2022-12-21;171060.89;200797;79544;2238
"CAP";"US";2022-12-20;185796.18;211750;84532;2229
"CAP";"US";2022-12-19;175269.49;203416;81105;2112
"CAP";"US";2022-12-18;133537.01;161187;64112;1377
"CAP";"US";2022-12-17;138052.95;168530;66634;1278
"CAP";"US";2022-12-16;171416.3;201222;79328;2109
"CAP";"US";2022-12-15;190962.95;208781;83237;2322
"CAP";"US";2022-12-14;183267.73;215486;84726;2439
"CAP";"US";2022-12-13;192956.96;222286;87672;2601
"CAP";"US";2022-12-12;202129.43;230224;90710;2412
"CAP";"US";2022-12-11;165628.79;191589;76411;1560
"CAP";"US";2022-12-10;157024.75;182608;72524;1713
"CAP";"US";2022-12-09;215456.15;229066;90409;2412
"CAP";"US";2022-12-08;217467.97;236775;93728;2571
"CAP";"US";2022-12-07;212834.79;225726;89663;2508
"CAP";"US";2022-12-06;246418.76;257194;102385;2967
"CAP";"US";2022-12-05;250710.75;259319;103607;2931
"CAP";"US";2022-12-04;177613.11;179264;71368;1563
"CAP";"US";2022-12-03;85997.22;118648;46629;1074
"CAP";"US";2022-12-02;99244.77;139959;55089;1464
"CAP";"US";2022-12-01;130139.05;179240;70640;2205
"CAP";"US";2022-11-30;167954.82;198736;79249;2859
"CAP";"US";2022-11-29;170101.12;192015;76615;2607
"CAP";"US";2022-11-28;159276.95;185785;72893;2493
"CAP";"US";2022-11-27;116424.93;140018;55523;1455
"CAP";"US";2022-11-26;99507.89;128123;50778;1164
"CAP";"US";2022-11-25;104151.65;133061;53049;1317
"CAP";"US";2022-11-24;98951.03;148520;58721;1560
"CAP";"US";2022-11-23;148893.29;187824;74725;2130
"CAP";"US";2022-11-22;175232.8;205861;81967;2604
"CAP";"US";2022-11-21;177250.65;209786;82770;2301
"CAP";"US";2022-11-20;129124.61;161493;64234;1467
"CAP";"US";2022-11-19;131824.26;167545;65949;1518
"CAP";"US";2022-11-18;178180.51;207036;82659;2103
"CAP";"US";2022-11-17;220430.55;239824;94378;2718
"CAP";"US";2022-11-16;238751.69;251184;99622;2805
"CAP";"US";2022-11-15;263615.96;282624;111366;3120
"CAP";"US";2022-11-14;246885.83;254462;100454;2619
"CAP";"US";2022-11-13;172810.86;189265;75039;1782
"CAP";"US";2022-11-12;151581.7;172816;68270;1488
"CAP";"US";2022-11-11;221882.23;227940;91175;2286
"CAP";"US";2022-11-10;274510.21;276017;109929;2907
"CAP";"US";2022-11-09;316225.82;300715;118614;3312
"CAP";"US";2022-11-08;336046.89;311241;123963;3414
"CAP";"US";2022-11-07;269311.67;244204;96117;2505
"CAP";"US";2022-11-06;168453.9;180333;71692;1386
"CAP";"US";2022-11-05;157838.19;178905;70591;1491
"CAP";"US";2022-11-04;192284.17;202473;79506;3117
"CAP";"US";2022-11-03;144337.13;172955;69022;1992
"CAP";"US";2022-11-02;134067.32;170575;68056;2064
"CAP";"US";2022-11-01;136363.96;165049;65136;1941
"CAP";"US";2022-10-31;131150.51;153291;60795;1782
"CAP";"US";2022-10-30;102144.93;120612;47453;1449
"CAP";"US";2022-10-29;98598.59;129197;50694;1236
"CAP";"US";2022-10-28;152188.23;176871;70649;2064
"CAP";"US";2022-10-27;183064.37;199584;79106;2769
"CAP";"US";2022-10-26;195625.84;212843;83959;2631
"CAP";"US";2022-10-25;199719.11;210192;83931;2616
"CAP";"US";2022-10-24;204215.99;222454;87249;2928
"CAP";"US";2022-10-23;145050.61;163941;65246;1425
"CAP";"US";2022-10-22;146513.08;167498;66933;1536
"CAP";"US";2022-10-21;200979.01;221241;87298;2622
"CAP";"US";2022-10-20;236714.21;242170;95367;2826
"CAP";"US";2022-10-19;242141.05;249764;99204;3015
"CAP";"US";2022-10-18;247497.05;249233;98968;3078
"CAP";"US";2022-10-17;234981.76;239409;95217;2829
"CAP";"US";2022-10-16;163158.03;176136;70342;1710
"CAP";"US";2022-10-15;150551.95;170857;67847;1596
"CAP";"US";2022-10-14;204235.9;217512;86696;2418
"CAP";"US";2022-10-13;260720.86;261021;103301;3024
"CAP";"US";2022-10-12;273837.81;270206;107004;3123
"CAP";"US";2022-10-11;270846.35;264914;104000;3132
"CAP";"US";2022-10-10;236881.53;240400;95508;2709
"CAP";"US";2022-10-09;168804.41;180924;71703;1590
"CAP";"US";2022-10-08;168047.58;180680;72153;1722
"CAP";"US";2022-10-07;234881.57;231525;91044;2604
"CAP";"US";2022-10-06;271052.09;264421;104938;3120
"CAP";"US";2022-10-05;280452.21;275488;108597;3216
"CAP";"US";2022-10-04;200288.47;198382;79081;2406
"CAP";"US";2022-10-03;178929.31;189122;74967;2403
"CAP";"US";2022-10-02;133218.95;152229;59968;1458
"CAP";"US";2022-10-01;128039.14;147004;58728;1560
"CAP";"US";2022-09-30;176528.13;185094;72850;2352
"CAP";"US";2022-09-29;184888.06;193680;77008;2547
"CAP";"US";2022-09-28;199025.39;210184;83465;2703
"CAP";"US";2022-09-27;221627.48;218933;87030;2943
"CAP";"US";2022-09-26;203281.61;201568;80567;2697
"CAP";"US";2022-09-25;141861.41;152564;60399;1482
"CAP";"US";2022-09-24;140389.11;151986;59980;1605
"CAP";"US";2022-09-23;201461.23;201088;79008;2517
"CAP";"US";2022-09-22;222737.87;226361;90498;3075
"CAP";"US";2022-09-21;248566.83;246180;96562;3156
"CAP";"US";2022-09-20;262208.87;245564;97634;3273
"CAP";"US";2022-09-19;229329.4;227234;89218;2601
"CAP";"US";2022-09-18;168070.08;172510;68068;1713
"CAP";"US";2022-09-17;107605.1;125749;49854;1218
"CAP";"US";2022-09-16;206331.68;203855;80232;2352
"CAP";"US";2022-09-15;217705.14;215250;86032;2688
"CAP";"US";2022-09-14;253902.86;242728;95677;3165
"CAP";"US";2022-09-13;257980.87;233127;92605;2994
"CAP";"US";2022-09-12;233029.62;223524;87951;2586
"CAP";"US";2022-09-11;155498.92;163434;64681;1470
"CAP";"US";2022-09-10;142610.05;153051;60886;1494
"CAP";"US";2022-09-09;199618.71;200615;78981;2376
"CAP";"US";2022-09-08;233256.69;220729;88130;2694
"CAP";"US";2022-09-07;244976.41;235932;92828;2829
"CAP";"US";2022-09-06;264216.65;241299;95988;2859
"CAP";"US";2022-09-05;184697.79;197125;77680;1878
"CAP";"US";2022-09-04;117018.51;132841;52131;1134
"CAP";"US";2022-09-03;94703.73;116199;46404;1140
"CAP";"US";2022-09-02;134571.71;154432;60735;1893
"CAP";"US";2022-09-01;138169.22;150136;59106;1989
"CAP";"US";2022-08-31;116557.21;141018;55976;1743
"CAP";"US";2022-08-30;121947.7;147611;58660;1842
"CAP";"US";2022-08-29;129243.94;153705;61231;1806
"CAP";"US";2022-08-28;112914.24;110239;43599;957
"CAP";"US";2022-08-27;107842.13;103646;40735;933
"CAP";"US";2022-08-26;164720.21;129108;51102;1356
"CAP";"US";2022-08-25;212470.37;180833;71494;2436
"CAP";"US";2022-08-24;224500.43;205589;81155;2697
"CAP";"US";2022-08-23;229217.95;209280;82834;2670
"CAP";"US";2022-08-22;212615.27;194665;77080;2850
"CAP";"US";2022-08-21;137645.54;141453;56563;1461
"CAP";"US";2022-08-20;127750.26;138169;55215;1419
"CAP";"US";2022-08-19;198001.75;188843;74159;2550
"CAP";"US";2022-08-18;230250.51;209649;82589;2877
"CAP";"US";2022-08-17;243053.13;217278;86563;2814
"CAP";"US";2022-08-16;233407.42;208350;82270;2601
"CAP";"US";2022-08-15;216589.15;193710;76484;2592
"CAP";"US";2022-08-14;138309.57;139172;55232;1494
"CAP";"US";2022-08-13;120685.37;129688;51046;1215
"CAP";"US";2022-08-12;179457.13;170725;67551;2280
"CAP";"US";2022-08-11;229744.83;196139;77091;2661
"CAP";"US";2022-08-10;241842.49;203530;80521;2787
"CAP";"US";2022-08-09;241958.25;204686;80417;2724
"CAP";"US";2022-08-08;231720.89;195882;77443;2394
"CAP";"US";2022-08-07;138359.95;136562;54166;1344
"CAP";"US";2022-08-06;144765.85;145802;57234;1398
"CAP";"US";2022-08-05;194058.24;178861;70544;2088
"CAP";"US";2022-08-04;208217.77;185854;73732;2553
"CAP";"US";2022-08-03;168630.04;172293;68892;2388
"CAP";"US";2022-08-02;156134.03;167121;66099;2178
"CAP";"US";2022-08-01;142754.89;158228;62677;1929
"CAP";"US";2022-07-31;105852.98;121424;47731;1224
"CAP";"US";2022-07-30;93901.09;111262;43793;1257
"CAP";"US";2022-07-29;137465.44;145349;57163;1800
"CAP";"US";2022-07-28;154928.77;161376;64079;2175
"CAP";"US";2022-07-27;176008.04;175724;69082;2259
"CAP";"US";2022-07-26;197798.35;181829;72512;2406
"CAP";"US";2022-07-25;176598.59;176640;70260;2184
"CAP";"US";2022-07-24;127301.69;136040;53700;1176
"CAP";"US";2022-07-23;120675.73;138146;54199;1212
"CAP";"US";2022-07-22;155052.29;151743;59998;1701
"CAP";"US";2022-07-21;196537.45;194118;76838;2298
"CAP";"US";2022-07-20;208045.72;194924;77875;2397
"CAP";"US";2022-07-19;217487.36;206073;80862;2562
"CAP";"US";2022-07-18;221888.04;211182;84270;2352
"CAP";"US";2022-07-17;157480.83;159276;63598;1398
"CAP";"US";2022-07-16;149083.59;163093;64108;1317
"CAP";"US";2022-07-15;214043.21;203738;80675;2286
"CAP";"US";2022-07-14;266426.61;230264;91488;2568
"CAP";"US";2022-07-13;265416.81;224177;88095;2682
"CAP";"US";2022-07-12;258710.19;227425;90912;2838
"CAP";"US";2022-07-11;244836.73;225299;89694;2493
"CAP";"US";2022-07-10;161796.07;165661;65367;1365
"CAP";"US";2022-07-09;156784.89;158452;63096;1386
"CAP";"US";2022-07-08;207759.81;199858;79437;2340
"CAP";"US";2022-07-07;249912.43;220916;88060;2763
"CAP";"US";2022-07-06;218998.83;211946;83441;2574
"CAP";"US";2022-07-05;197255.09;188292;75097;2271
"CAP";"US";2022-07-04;131192.75;156150;61449;1722
"CAP";"US";2022-07-03;110912.58;129975;51648;1149
"CAP";"US";2022-07-02;110335.69;128711;51102;1266
"CAP";"US";2022-07-01;141983.52;156099;61663;1926
"CAP";"US";2022-06-30;181009.53;169447;67648;2277
"CAP";"US";2022-06-29;188417.07;170512;68175;2382
"CAP";"US";2022-06-28;197492.13;177764;69721;2625
"CAP";"US";2022-06-27;196775.77;172210;68089;2433
"CAP";"US";2022-06-26;122927.87;124964;49216;1260
"CAP";"US";2022-06-25;116041.39;118721;46656;1167
"CAP";"US";2022-06-24;165738.26;153792;60602;2136
"CAP";"US";2022-06-23;199482.82;177183;69512;2427
"CAP";"US";2022-06-22;216208.66;192840;77068;2619
"CAP";"US";2022-06-21;233927.16;201221;79060;2763
"CAP";"US";2022-06-20;216058.57;187376;73675;2517
"CAP";"US";2022-06-19;129202.29;129513;51014;1179
"CAP";"US";2022-06-18;130299.93;133710;53084;1311
"CAP";"US";2022-06-17;187213.74;169167;67610;2256
"CAP";"US";2022-06-16;218579.4;192868;76589;2562
"CAP";"US";2022-06-15;229431.82;198300;78888;2763
"CAP";"US";2022-06-14;239215.24;208149;81867;2832
"CAP";"US";2022-06-13;233740.72;203046;80634;2766
"CAP";"US";2022-06-12;152405.9;148403;59002;1596
"CAP";"US";2022-06-11;153064.33;152805;60208;1626
"CAP";"US";2022-06-10;214440.18;195168;76770;2406
"CAP";"US";2022-06-09;256481.41;220325;87330;3030
"CAP";"US";2022-06-08;255614.92;224595;88546;2979
"CAP";"US";2022-06-07;268004.92;230005;91811;2964
"CAP";"US";2022-06-06;243405.51;207913;82801;2715
"CAP";"US";2022-06-05;151477.15;149527;58691;1362
"CAP";"US";2022-06-04;142814.53;135404;53359;1455
"CAP";"US";2022-06-03;163005.85;153044;60231;2061
"CAP";"US";2022-06-02;196494.22;176409;69979;2460
"CAP";"US";2022-06-01;209283.54;184465;72920;2706
"CAP";"US";2022-05-31;204494.39;181319;71387;2643
"CAP";"US";2022-05-30;136488.29;142974;56191;1803
"CAP";"US";2022-05-29;115889.99;122575;48655;1293
"CAP";"US";2022-05-28;114538.57;123515;49317;1278
"CAP";"US";2022-05-27;175756.86;165949;65559;2169
"CAP";"US";2022-05-26;219613.17;189431;74659;2670
"CAP";"US";2022-05-25;227953.44;192270;76777;2778
"CAP";"US";2022-05-24;226845.97;192490;76536;2808
"CAP";"US";2022-05-23;201927.38;180206;71207;2619
"CAP";"US";2022-05-22;130110.85;129925;51199;1443
"CAP";"US";2022-05-21;127913.8;131333;51587;1383
"CAP";"US";2022-05-20;187247.4;171567;67980;2313
"CAP";"US";2022-05-19;225098.02;193938;76705;2805
"CAP";"US";2022-05-18;234207.97;199717;78727;2691
"CAP";"US";2022-05-17;225369.83;196198;77156;2778
"CAP";"US";2022-05-16;221623.19;191159;75098;2697
"CAP";"US";2022-05-15;144907.13;141242;56433;1470
"CAP";"US";2022-05-14;130262.91;135148;53521;1476
"CAP";"US";2022-05-13;190606.34;178870;71050;2412
"CAP";"US";2022-05-12;240357.97;216139;85018;2955
"CAP";"US";2022-05-11;262326.89;226869;89307;2934
"CAP";"US";2022-05-10;259393.85;219855;87736;2916
"CAP";"US";2022-05-09;219582.78;195076;76934;2646
"CAP";"US";2022-05-08;133463.46;134590;53584;1359
"CAP";"US";2022-05-07;138780.17;141051;56336;1371
"CAP";"US";2022-05-06;193274.83;181120;71117;2283
"CAP";"US";2022-05-05;216755.23;188824;75293;2643
"CAP";"US";2022-05-04;210379.19;187359;73986;2574
"CAP";"US";2022-05-03;175495.79;162818;64902;2178
"CAP";"US";2022-05-02;158954.73;155017;61982;1791
"CAP";"US";2022-05-01;124624.08;136099;53878;1272
"CAP";"US";2022-04-30;120099.83;130450;52090;1560
"CAP";"US";2022-04-29;178985.71;165471;65816;2244
"CAP";"US";2022-04-28;208959.87;187377;74326;2460
"CAP";"US";2022-04-27;205706.31;184171;72813;2562
"CAP";"US";2022-04-26;223008.89;197839;77879;2793
"CAP";"US";2022-04-25;228759.03;191493;76289;2487
"CAP";"US";2022-04-24;130774.12;132517;52524;1440
"CAP";"US";2022-04-23;121769.32;129034;51155;1422
"CAP";"US";2022-04-22;182033.97;169238;66716;2280
"CAP";"US";2022-04-21;194807.32;181739;71671;2397
"CAP";"US";2022-04-20;207763.55;187059;73600;2493
"CAP";"US";2022-04-19;220633.97;195458;76821;2880
"CAP";"US";2022-04-18;191520.82;161395;63351;2061
"CAP";"US";2022-04-17;118528.31;116764;46197;1272
"CAP";"US";2022-04-16;119063.01;115504;45724;1218
"CAP";"US";2022-04-15;157008.31;141015;56214;1629
"CAP";"US";2022-04-14;206414.42;175877;69683;2331
"CAP";"US";2022-04-13;223301.12;188530;75031;2664
"CAP";"US";2022-04-12;230696.41;200507;80139;2778
"CAP";"US";2022-04-11;215887.07;190643;75301;2448
"CAP";"US";2022-04-10;146042.54;143093;56626;1518
"CAP";"US";2022-04-09;141512;137529;54858;1575
"CAP";"US";2022-04-08;188100.44;169604;67459;2379
"CAP";"US";2022-04-07;195681.23;184079;72783;2913
"CAP";"US";2022-04-06;199108.65;189887;75705;2760
"CAP";"US";2022-04-05;200662.6;186015;74263;2745
"CAP";"US";2022-04-04;180073.09;168716;66913;2331
"CAP";"US";2022-04-03;92323.56;104841;41640;1206
"CAP";"US";2022-04-02;99780.44;112436;44227;1377
"CAP";"US";2022-04-01;142998.43;149760;59594;2040
"CAP";"US";2022-03-31;175579.29;176842;70704;2703
"CAP";"US";2022-03-30;193250.99;186980;73524;2787
"CAP";"US";2022-03-29;199682.74;181924;72286;2769
"CAP";"US";2022-03-28;171710.43;163498;64583;2436
"CAP";"US";2022-03-27;115387.76;117096;46332;1416
"CAP";"US";2022-03-26;114206.75;118193;46924;1491
"CAP";"US";2022-03-25;163622.94;154663;61636;2217
"CAP";"US";2022-03-24;207512.23;184656;73234;2895
"CAP";"US";2022-03-23;220166.22;193402;76397;2874
"CAP";"US";2022-03-22;226323.24;198832;78713;3132
"CAP";"US";2022-03-21;224250.99;191268;75511;2922
"CAP";"US";2022-03-20;137155.88;131100;51686;1452
"CAP";"US";2022-03-19;136303.41;131109;51938;1653
"CAP";"US";2022-03-18;185808.11;166851;66231;2397
"CAP";"US";2022-03-17;196003.46;181325;72520;2811
"CAP";"US";2022-03-16;206628.25;191514;76600;3105
"CAP";"US";2022-03-15;226097.88;207532;81393;3261
"CAP";"US";2022-03-14;213749.91;191192;76312;2919
"CAP";"US";2022-03-13;147811.01;145302;57638;1743
"CAP";"US";2022-03-12;158897.47;146341;57708;1824
"CAP";"US";2022-03-11;206414.13;183140;72184;2748
"CAP";"US";2022-03-10;236799.15;203747;80102;3138
"CAP";"US";2022-03-09;243326.5;209706;82875;3384
"CAP";"US";2022-03-08;240537.67;206207;81254;3303
"CAP";"US";2022-03-07;214160.81;181535;71404;2859
"CAP";"US";2022-03-06;130779.08;125345;49531;1518
"CAP";"US";2022-03-05;122509.86;122104;48079;1647
"CAP";"US";2022-03-04;164889.71;154783;61885;2376
"CAP";"US";2022-03-03;185771.57;169991;67434;2943
"CAP";"US";2022-03-02;183950.82;172257;67718;3066
"CAP";"US";2022-03-01;182070.2;172867;68263;3063
"CAP";"US";2022-02-28;174782.62;168886;66328;2820
"CAP";"US";2022-02-27;130452.64;124071;49458;1698
"CAP";"US";2022-02-26;125089.75;122537;48707;1692
"CAP";"US";2022-02-25;182369.47;167225;65831;2709
"CAP";"US";2022-02-24;204214.86;182591;71620;3039
"CAP";"US";2022-02-23;211476.43;186455;74104;3099
"CAP";"US";2022-02-22;225073.68;199005;79600;3414
"CAP";"US";2022-02-21;202559.79;185313;72683;3006
"CAP";"US";2022-02-20;147422.31;138918;55403;1974
"CAP";"US";2022-02-19;142596.97;130536;52163;1644
"CAP";"US";2022-02-18;194525.48;180850;71486;2763
"CAP";"US";2022-02-17;239660.53;205132;81529;3402
"CAP";"US";2022-02-16;245286.59;213811;84631;3588
"CAP";"US";2022-02-15;245379.99;205495;80911;3552
"CAP";"US";2022-02-14;229929.4;189205;75578;3255
"CAP";"US";2022-02-13;154818.99;142597;56257;1827
"CAP";"US";2022-02-12;146921.09;144266;56632;1845
"CAP";"US";2022-02-11;217406.94;189293;75299;2940
"CAP";"US";2022-02-10;249199.15;214610;85418;3309
"CAP";"US";2022-02-09;259168.6;220014;87726;3453
"CAP";"US";2022-02-08;255990.81;215689;86152;3597
"CAP";"US";2022-02-07;242612.42;207339;82021;3141
"CAP";"US";2022-02-06;161906.35;148220;58713;1737
"CAP";"US";2022-02-05;153463.01;140990;55844;1851
"CAP";"US";2022-02-04;168732.87;151490;59538;2412
"CAP";"US";2022-02-03;186160.12;173109;69193;2928
"CAP";"US";2022-02-02;201760.25;184305;73423;3138
"CAP";"US";2022-02-01;212661.41;192132;76071;3510
"CAP";"US";2022-01-31;192859.01;183250;72955;2970
"CAP";"US";2022-01-30;140619.61;137449;54354;1821
"CAP";"US";2022-01-29;138100.93;132622;52542;1893
"CAP";"US";2022-01-28;178795.14;170110;67278;2685
"CAP";"US";2022-01-27;210935.13;194351;77517;3327
"CAP";"US";2022-01-26;224833.76;199078;79400;3606
"CAP";"US";2022-01-25;230905.17;204371;81080;3615
"CAP";"US";2022-01-24;232708.8;207671;81949;3528
"CAP";"US";2022-01-23;165818.61;150717;59509;1908
"CAP";"US";2022-01-22;163916.41;147445;57917;1899
"CAP";"US";2022-01-21;223518.97;193943;76336;3225
"CAP";"US";2022-01-20;259745.47;214377;84607;3432
"CAP";"US";2022-01-19;260412.03;234378;92261;3846
"CAP";"US";2022-01-18;257969.53;225303;89891;3906
"CAP";"US";2022-01-17;236008.36;210051;83601;3459
"CAP";"US";2022-01-16;173579.59;159259;63284;2049
"CAP";"US";2022-01-15;163829.97;153498;60903;2007
"CAP";"US";2022-01-14;219207.93;201514;79594;3096
"CAP";"US";2022-01-13;241881.53;210698;82938;3471
"CAP";"US";2022-01-12;233960.07;205350;81717;3549
"CAP";"US";2022-01-11;236787.14;210601;82882;3369
"CAP";"US";2022-01-10;233726.8;202290;80891;3216
"CAP";"US";2022-01-09;160156.65;150246;59322;1599
"CAP";"US";2022-01-08;152981.42;143965;56666;1773
"CAP";"US";2022-01-07;203992.49;182577;72363;2598
"CAP";"US";2022-01-06;211689.87;172687;68795;2643
"CAP";"US";2022-01-05;196869.81;166240;66471;2538
"CAP";"US";2022-01-04;190721.29;164001;65231;2634
"CAP";"US";2022-01-03;175898.33;155526;61092;2307
"CAP";"US";2022-01-02;129404.55;124337;48823;1509
"CAP";"US";2022-01-01;114429.96;102601;40600;1086
"GA";"UK";2023-01-31;1870.01;3661;1458;90
"GA";"UK";2023-01-30;1756.12;3345;1325;54
"GA";"UK";2023-01-29;1495.19;2814;1108;39
"GA";"UK";2023-01-28;1467.86;2840;1127;39
"GA";"UK";2023-01-27;1827.78;3467;1384;51
"GA";"UK";2023-01-26;3165.13;5393;2145;135
"GA";"UK";2023-01-25;3368.41;6081;2415;81
"GA";"UK";2023-01-24;4035.61;6918;2753;81
"GA";"UK";2023-01-23;3638.7;6021;2386;105
"GA";"UK";2023-01-22;2410.39;4263;1693;36
"GA";"UK";2023-01-21;2269.23;3940;1572;57
"GA";"UK";2023-01-20;2913.01;5235;2092;99
"GA";"UK";2023-01-19;4085.43;6758;2689;99
"GA";"UK";2023-01-18;4078.1;6827;2679;111
"GA";"UK";2023-01-17;3797.94;6435;2549;75
"GA";"UK";2023-01-16;3580.02;5913;2343;81
"GA";"UK";2023-01-15;2687.63;4826;1902;33
"GA";"UK";2023-01-14;2755.27;5074;2003;45
"GA";"UK";2023-01-13;3365.36;5601;2238;51
"GA";"UK";2023-01-12;4185.21;7120;2809;90
"GA";"UK";2023-01-11;4563.94;7386;2933;96
"GA";"UK";2023-01-10;4739.79;7432;2921;87
"GA";"UK";2023-01-09;4719.55;7215;2842;102
"GA";"UK";2023-01-08;2890.41;5204;2076;45
"GA";"UK";2023-01-07;2068.79;3883;1544;18
"GA";"UK";2023-01-06;2832.52;5115;2041;66
"GA";"UK";2023-01-05;3155.22;5830;2305;69
"GA";"UK";2023-01-04;3919.87;6351;2512;123
"GA";"UK";2023-01-03;2460.21;4392;1733;93
"GA";"UK";2023-01-02;1960.79;3861;1535;63
"GA";"UK";2023-01-01;1309.63;2482;981;18
"GA";"UK";2022-12-31;1435.21;2389;937;18
"GA";"UK";2022-12-30;1915.42;3448;1359;45
"GA";"UK";2022-12-29;2079.24;3743;1495;36
"GA";"UK";2022-12-28;2329.77;4061;1610;66
"GA";"UK";2022-12-27;2139.03;3749;1498;45
"GA";"UK";2022-12-26;1607.29;2952;1173;36
"GA";"UK";2022-12-25;1259.17;2468;973;12
"GA";"UK";2022-12-24;1474.57;2445;978;39
"GA";"UK";2022-12-23;2077.98;3379;1331;24
"GA";"UK";2022-12-22;2787.69;4327;1715;36
"GA";"UK";2022-12-21;3308.71;5125;2021;57
"GA";"UK";2022-12-20;3988.36;6498;2565;39
"GA";"UK";2022-12-19;3816.33;5985;2367;57
"GA";"UK";2022-12-18;2711.65;4269;1684;39
"GA";"UK";2022-12-17;2266.65;3799;1500;36
"GA";"UK";2022-12-16;3305.46;5381;2140;102
"GA";"UK";2022-12-15;4345.93;6458;2578;99
"GA";"UK";2022-12-14;3997.32;6273;2462;111
"GA";"UK";2022-12-13;4259.84;6832;2693;117
"GA";"UK";2022-12-12;3658.63;6046;2389;129
"GA";"UK";2022-12-11;2501.49;3964;1582;57
"GA";"UK";2022-12-10;1731.76;2795;1106;45
"GA";"UK";2022-12-09;2346.17;3928;1563;117
"GA";"UK";2022-12-08;2357.97;3779;1485;93
"GA";"UK";2022-12-07;1817.79;2983;1193;81
"GA";"UK";2022-12-06;2080.5;3564;1419;81
"GA";"UK";2022-12-05;2318.79;3720;1484;96
"GA";"UK";2022-12-04;1398.93;2396;952;39
"GA";"UK";2022-12-03;757.29;1484;585;45
"GA";"UK";2022-12-02;1287.58;2802;1099;84
"GA";"UK";2022-12-01;2641.03;4937;1947;93
"GA";"UK";2022-11-30;3927.33;6515;2580;120
"GA";"UK";2022-11-29;4240.51;6471;2566;108
"GA";"UK";2022-11-28;4571.55;7523;2953;105
"GA";"UK";2022-11-27;3069.89;5383;2148;69
"GA";"UK";2022-11-26;2860.34;5050;2017;60
"GA";"UK";2022-11-25;3236.76;5336;2097;66
"GA";"UK";2022-11-24;3798.14;6169;2447;108
"GA";"UK";2022-11-23;4314.62;6948;2777;129
"GA";"UK";2022-11-22;4107.96;6713;2651;105
"GA";"UK";2022-11-21;3563.21;6102;2418;96
"GA";"UK";2022-11-20;2862.13;4743;1874;45
"GA";"UK";2022-11-19;2804.22;4489;1786;66
"GA";"UK";2022-11-18;3393.23;5467;2180;66
"GA";"UK";2022-11-17;4016.96;5911;2359;48
"GA";"UK";2022-11-16;4114.62;6291;2491;126
"GA";"UK";2022-11-15;4630.48;7031;2782;102
"GA";"UK";2022-11-14;4349.85;6446;2571;66
"GA";"UK";2022-11-13;3076.27;4874;1943;45
"GA";"UK";2022-11-12;2126.88;3543;1396;24
"GA";"UK";2022-11-11;3219.41;5048;1998;57
"GA";"UK";2022-11-10;4637.32;7126;2802;81
"GA";"UK";2022-11-09;5458.81;7875;3108;81
"GA";"UK";2022-11-08;5038.47;7642;3056;96
"GA";"UK";2022-11-07;3957.05;5994;2365;63
"GA";"UK";2022-11-06;2873.93;4145;1629;30
"GA";"UK";2022-11-05;2680.73;3977;1571;36
"GA";"UK";2022-11-04;2780.53;4512;1801;21
"GA";"UK";2022-11-03;2693.96;4700;1846;57
"GA";"UK";2022-11-02;2598.76;4449;1756;57
"GA";"UK";2022-11-01;2260.73;3811;1520;36
"GA";"UK";2022-10-31;2414.24;3978;1568;27
"GA";"UK";2022-10-30;2232.68;3372;1324;33
"GA";"UK";2022-10-29;2090.39;3250;1289;33
"GA";"UK";2022-10-28;2481.33;4167;1657;39
"GA";"UK";2022-10-27;3722.53;5516;2195;63
"GA";"UK";2022-10-26;3561.63;5788;2305;87
"GA";"UK";2022-10-25;4057.1;6159;2436;96
"GA";"UK";2022-10-24;4283.05;6949;2738;120
"GA";"UK";2022-10-23;3493.27;5348;2111;33
"GA";"UK";2022-10-22;3105.89;4976;1969;51
"GA";"UK";2022-10-21;4454.21;6730;2649;81
"GA";"UK";2022-10-20;5627.7;8144;3209;102
"GA";"UK";2022-10-19;6070.14;8443;3376;96
"GA";"UK";2022-10-18;6316.23;8771;3482;117
"GA";"UK";2022-10-17;6702.95;8964;3582;102
"GA";"UK";2022-10-16;4599.89;6853;2698;54
"GA";"UK";2022-10-15;3738.87;5762;2263;48
"GA";"UK";2022-10-14;4963.29;7468;2955;78
"GA";"UK";2022-10-13;5553.38;7966;3133;96
"GA";"UK";2022-10-12;5278.8;7476;2956;72
"GA";"UK";2022-10-11;4829.5;6952;2744;69
"GA";"UK";2022-10-10;4290.37;6092;2412;54
"GA";"UK";2022-10-09;2899.73;4477;1764;48
"GA";"UK";2022-10-08;2655.81;4006;1574;39
"GA";"UK";2022-10-07;3683.68;5207;2049;48
"GA";"UK";2022-10-06;3245.91;4489;1793;60
"GA";"UK";2022-10-05;2821.5;4465;1786;33
"GA";"UK";2022-10-04;2681.33;4144;1656;54
"GA";"UK";2022-10-03;2479.13;4438;1745;51
"GA";"UK";2022-10-02;2168.66;3887;1537;24
"GA";"UK";2022-10-01;2045.35;3371;1340;33
"GA";"UK";2022-09-30;3183.4;4757;1867;36
"GA";"UK";2022-09-29;3686.82;5972;2361;84
"GA";"UK";2022-09-28;5568.43;7863;3112;96
"GA";"UK";2022-09-27;6063.05;8369;3322;144
"GA";"UK";2022-09-26;6059.55;8496;3377;147
"GA";"UK";2022-09-25;3797.81;5259;2070;48
"GA";"UK";2022-09-24;2956.38;4319;1726;45
"GA";"UK";2022-09-23;3516.1;5623;2233;78
"GA";"UK";2022-09-22;4429.96;6324;2487;90
"GA";"UK";2022-09-21;3644.21;5665;2235;96
"GA";"UK";2022-09-20;3742.86;5540;2186;81
"GA";"UK";2022-09-19;3223.27;4836;1921;81
"GA";"UK";2022-09-18;2568.6;4019;1590;42
"GA";"UK";2022-09-17;2401.75;3439;1372;30
"GA";"UK";2022-09-16;4684.79;6511;2564;96
"GA";"UK";2022-09-15;5775.85;8025;3154;102
"GA";"UK";2022-09-14;5447.82;7546;3006;72
"GA";"UK";2022-09-13;5764.52;7872;3101;66
"GA";"UK";2022-09-12;4499.24;6335;2504;57
"GA";"UK";2022-09-11;3130.13;4283;1681;57
"GA";"UK";2022-09-10;2784.29;4043;1612;27
"GA";"UK";2022-09-09;3735.22;5376;2128;39
"GA";"UK";2022-09-08;4150.34;5881;2312;108
"GA";"UK";2022-09-07;3582.94;5466;2149;87
"GA";"UK";2022-09-06;3004.2;4785;1913;66
"GA";"UK";2022-09-05;3046.35;4942;1939;69
"GA";"UK";2022-09-04;2090.91;3431;1359;24
"GA";"UK";2022-09-03;1399.07;2517;999;39
"GA";"UK";2022-09-02;2089.59;3486;1383;48
"GA";"UK";2022-09-01;2815.45;4316;1723;51
"GA";"UK";2022-08-31;3275.11;4933;1967;90
"GA";"UK";2022-08-30;3249.01;5028;1995;60
"GA";"UK";2022-08-29;2829.81;4503;1789;36
"GA";"UK";2022-08-28;2391.55;3620;1436;39
"GA";"UK";2022-08-27;2436.59;3785;1505;45
"GA";"UK";2022-08-26;3209.63;5099;2017;45
"GA";"UK";2022-08-25;4080.32;5427;2164;48
"GA";"UK";2022-08-24;4376.9;5628;2209;66
"GA";"UK";2022-08-23;3930.24;5252;2099;87
"GA";"UK";2022-08-22;3768.49;5080;2017;102
"GA";"UK";2022-08-21;2826.25;4189;1644;42
"GA";"UK";2022-08-20;2235.2;3120;1232;24
"GA";"UK";2022-08-19;3082.26;4355;1740;69
"GA";"UK";2022-08-18;3865.01;5101;2024;63
"GA";"UK";2022-08-17;4268.6;5509;2185;78
"GA";"UK";2022-08-16;4387.15;5755;2279;60
"GA";"UK";2022-08-15;4381.59;5595;2218;60
"GA";"UK";2022-08-14;2903.15;3855;1523;39
"GA";"UK";2022-08-13;2412.15;3577;1427;51
"GA";"UK";2022-08-12;3529.42;4505;1770;69
"GA";"UK";2022-08-11;4799.3;5899;2333;69
"GA";"UK";2022-08-10;5043.03;6119;2421;93
"GA";"UK";2022-08-09;4322.61;5190;2071;48
"GA";"UK";2022-08-08;3635.25;4815;1897;48
"GA";"UK";2022-08-07;2380.13;3299;1307;27
"GA";"UK";2022-08-06;2243.21;3014;1187;27
"GA";"UK";2022-08-05;2919.99;3603;1440;36
"GA";"UK";2022-08-04;3616.49;4584;1804;42
"GA";"UK";2022-08-03;3594.89;4504;1792;42
"GA";"UK";2022-08-02;3064.43;4294;1708;66
"GA";"UK";2022-08-01;2447.57;3578;1413;42
"GA";"UK";2022-07-31;1735.21;2848;1118;24
"GA";"UK";2022-07-30;1811.34;2943;1177;36
"GA";"UK";2022-07-29;2770.83;4051;1609;45
"GA";"UK";2022-07-28;2599.51;4112;1631;60
"GA";"UK";2022-07-27;2773.91;4107;1628;48
"GA";"UK";2022-07-26;2617.3;4075;1607;42
"GA";"UK";2022-07-25;2673.39;4089;1606;39
"GA";"UK";2022-07-24;2137.63;3162;1249;39
"GA";"UK";2022-07-23;2006.57;3202;1258;27
"GA";"UK";2022-07-22;2811.15;4185;1649;36
"GA";"UK";2022-07-21;3615.97;4663;1860;108
"GA";"UK";2022-07-20;3591.94;4441;1771;60
"GA";"UK";2022-07-19;3638.5;4718;1880;45
"GA";"UK";2022-07-18;4198.43;5129;2034;57
"GA";"UK";2022-07-17;2612.45;3436;1372;45
"GA";"UK";2022-07-16;2219.2;3212;1279;36
"GA";"UK";2022-07-15;3139.1;4301;1701;66
"GA";"UK";2022-07-14;3938.15;4629;1837;51
"GA";"UK";2022-07-13;4268.19;5044;1995;66
"GA";"UK";2022-07-12;4163.49;5205;2048;81
"GA";"UK";2022-07-11;4022.73;4958;1958;69
"GA";"UK";2022-07-10;2409.05;3356;1332;30
"GA";"UK";2022-07-09;2071.31;3063;1208;36
"GA";"UK";2022-07-08;3200.16;4274;1706;66
"GA";"UK";2022-07-07;4069.94;5233;2082;99
"GA";"UK";2022-07-06;3967.12;5075;2006;81
"GA";"UK";2022-07-05;4128.24;5467;2180;57
"GA";"UK";2022-07-04;4341.71;5579;2194;63
"GA";"UK";2022-07-03;2738.11;3407;1340;27
"GA";"UK";2022-07-02;2498.25;3425;1357;39
"GA";"UK";2022-07-01;2582.72;3856;1519;48
"GA";"UK";2022-06-30;3274.66;5165;2054;39
"GA";"UK";2022-06-29;3327.01;5092;2034;63
"GA";"UK";2022-06-28;3312.59;5205;2064;96
"GA";"UK";2022-06-27;3075.03;5145;2039;96
"GA";"UK";2022-06-26;2172.25;3866;1536;33
"GA";"UK";2022-06-25;1640.71;3626;1445;24
"GA";"UK";2022-06-24;2442.87;4568;1809;27
"GA";"UK";2022-06-23;2626.05;4362;1744;75
"GA";"UK";2022-06-22;2701.96;5369;2115;75
"GA";"UK";2022-06-21;3139.75;5744;2272;111
"GA";"UK";2022-06-20;3212.84;5892;2327;57
"GA";"UK";2022-06-19;2068.43;3977;1576;45
"GA";"UK";2022-06-18;1871.43;3851;1532;54
"GA";"UK";2022-06-17;3032.68;5233;2074;51
"GA";"UK";2022-06-16;3812.3;6369;2508;75
"GA";"UK";2022-06-15;4160.99;6574;2599;84
"GA";"UK";2022-06-14;4044.79;6236;2475;78
"GA";"UK";2022-06-13;3884.61;6684;2631;93
"GA";"UK";2022-06-12;2456.76;4659;1852;45
"GA";"UK";2022-06-11;2665.36;4848;1917;33
"GA";"UK";2022-06-10;3896.9;6511;2581;75
"GA";"UK";2022-06-09;5033.64;7374;2934;117
"GA";"UK";2022-06-08;4332.25;6428;2543;81
"GA";"UK";2022-06-07;4136.55;6608;2631;111
"GA";"UK";2022-06-06;3078.62;5171;2046;60
"GA";"UK";2022-06-05;2119.64;3900;1546;33
"GA";"UK";2022-06-04;1546.47;2993;1194;48
"GA";"UK";2022-06-03;2331.37;4293;1696;84
"GA";"UK";2022-06-02;2961.53;5358;2120;90
"GA";"UK";2022-06-01;3317.84;5649;2253;87
"GA";"UK";2022-05-31;3592.48;6012;2378;114
"GA";"UK";2022-05-30;3110.44;5471;2170;99
"GA";"UK";2022-05-29;2004.4;3842;1523;36
"GA";"UK";2022-05-28;1612.51;3248;1278;66
"GA";"UK";2022-05-27;2171.3;3905;1540;30
"GA";"UK";2022-05-26;3028.84;4897;1941;72
"GA";"UK";2022-05-25;3707.93;5853;2317;93
"GA";"UK";2022-05-24;3426.67;5914;2354;99
"GA";"UK";2022-05-23;1293.03;2023;808;27
"GA";"UK";2022-05-22;75.4;423;168;3
"GA";"UK";2022-05-21;39.17;313;125;0
"GA";"UK";2022-05-20;70.19;432;170;0
"GA";"UK";2022-05-19;1419.61;3376;1324;75
"GA";"UK";2022-05-18;2160.15;4287;1691;60
"GA";"UK";2022-05-17;2326.49;4663;1835;96
"GA";"UK";2022-05-16;2486.97;4397;1728;66
"GA";"UK";2022-05-15;1567.37;2868;1135;33
"GA";"UK";2022-05-14;1322.25;2662;1053;21
"GA";"UK";2022-05-13;2136.23;4035;1605;63
"GA";"UK";2022-05-12;2928.14;5497;2170;96
"GA";"UK";2022-05-11;4672.11;8303;3305;120
"GA";"UK";2022-05-10;5189.89;7777;3093;93
"GA";"UK";2022-05-09;4785.87;7197;2838;75
"GA";"UK";2022-05-08;1844.32;2643;1042;24
"GA";"UK";2022-05-07;1421.55;2479;988;36
"GA";"UK";2022-05-06;2011.07;3491;1388;60
"GA";"UK";2022-05-05;2575.65;4168;1655;72
"GA";"UK";2022-05-04;2996.49;4665;1863;90
"GA";"UK";2022-05-03;2593.31;4349;1715;93
"GA";"UK";2022-05-02;2446.28;5305;2099;54
"GA";"UK";2022-05-01;1734.75;5532;2207;36
"GA";"UK";2022-04-30;1606.47;2806;1101;36
"GA";"UK";2022-04-29;2215.49;3747;1482;63
"GA";"UK";2022-04-28;2618.84;4360;1717;33
"GA";"UK";2022-04-27;2766.48;4304;1693;36
"GA";"UK";2022-04-26;2522.07;4162;1636;57
"GA";"UK";2022-04-25;2684.47;4049;1594;39
"GA";"UK";2022-04-24;1607.4;2790;1102;27
"GA";"UK";2022-04-23;1214.15;2286;903;24
"GA";"UK";2022-04-22;1722.53;2848;1133;48
"GA";"UK";2022-04-21;2633.44;3977;1590;66
"GA";"UK";2022-04-20;2634.34;3920;1555;57
"GA";"UK";2022-04-19;2705.28;4091;1625;54
"GA";"UK";2022-04-18;1679.11;2575;1022;45
"GA";"UK";2022-04-17;1260.18;2130;849;36
"GA";"UK";2022-04-16;1068.73;1842;732;39
"GA";"UK";2022-04-15;1550.17;2657;1054;39
"GA";"UK";2022-04-14;2031.46;3249;1280;60
"GA";"UK";2022-04-13;2555.73;3846;1530;45
"GA";"UK";2022-04-12;2789.42;4210;1680;75
"GA";"UK";2022-04-11;2795.65;4215;1685;87
"GA";"UK";2022-04-10;1809.51;2959;1165;30
"GA";"UK";2022-04-09;1856.68;3271;1296;36
"GA";"UK";2022-04-08;2367.95;4146;1632;51
"GA";"UK";2022-04-07;2662.61;4342;1734;63
"GA";"UK";2022-04-06;2902.01;4846;1934;66
"GA";"UK";2022-04-05;2844.82;4817;1922;99
"GA";"UK";2022-04-04;2896.02;4805;1894;81
"GA";"UK";2022-04-03;1843.38;3256;1283;21
"GA";"UK";2022-04-02;1474.13;2802;1099;3
"GA";"UK";2022-04-01;2155.3;3759;1485;45
"GA";"UK";2022-03-31;2650.51;5016;1995;63
"GA";"UK";2022-03-30;3158.66;4716;1879;69
"GA";"UK";2022-03-29;3079.71;4897;1928;75
"GA";"UK";2022-03-28;2874.99;4510;1778;66
"GA";"UK";2022-03-27;1758.45;2855;1137;75
"GA";"UK";2022-03-26;1662.97;2819;1111;39
"GA";"UK";2022-03-25;2729.33;4400;1730;54
"GA";"UK";2022-03-24;3283.38;4676;1851;45
"GA";"UK";2022-03-23;3238.44;4739;1873;75
"GA";"UK";2022-03-22;3718.95;5369;2108;93
"GA";"UK";2022-03-21;4078.88;5658;2221;99
"GA";"UK";2022-03-20;2383.41;3627;1432;48
"GA";"UK";2022-03-19;1995.25;3120;1246;36
"GA";"UK";2022-03-18;2979.43;4582;1803;33
"GA";"UK";2022-03-17;3687.4;5270;2088;81
"GA";"UK";2022-03-16;3680.35;5347;2122;84
"GA";"UK";2022-03-15;4046.51;5737;2281;90
"GA";"UK";2022-03-14;3789.35;5193;2067;78
"GA";"UK";2022-03-13;2433.47;3567;1415;57
"GA";"UK";2022-03-12;2133.01;3296;1294;57
"GA";"UK";2022-03-11;2992.07;4589;1826;84
"GA";"UK";2022-03-10;3537.59;4789;1894;66
"GA";"UK";2022-03-09;3788.83;4824;1922;48
"GA";"UK";2022-03-08;3398.21;4397;1752;45
"GA";"UK";2022-03-07;2791.48;4103;1618;51
"GA";"UK";2022-03-06;1980.44;2815;1119;45
"GA";"UK";2022-03-05;1625.47;2397;956;9
"GA";"UK";2022-03-04;2003.75;2968;1186;48
"GA";"UK";2022-03-03;2679.03;3588;1409;84
"GA";"UK";2022-03-02;2553.21;3618;1431;57
"GA";"UK";2022-03-01;2589.36;3804;1518;99
"GA";"UK";2022-02-28;2595.59;3724;1473;90
"GA";"UK";2022-02-27;1708.56;2406;952;21
"GA";"UK";2022-02-26;1396.59;2241;882;21
"GA";"UK";2022-02-25;2112.63;3017;1190;60
"GA";"UK";2022-02-24;2656.84;3841;1519;87
"GA";"UK";2022-02-23;2854.79;4215;1662;87
"GA";"UK";2022-02-22;3040.42;4558;1796;123
"GA";"UK";2022-02-21;3089.25;4245;1685;78
"GA";"UK";2022-02-20;1778.1;2675;1064;63
"GA";"UK";2022-02-19;1636.05;2575;1019;30
"GA";"UK";2022-02-18;2260.5;3576;1423;48
"GA";"UK";2022-02-17;3050.21;4694;1847;72
"GA";"UK";2022-02-16;3436.71;5000;1984;114
"GA";"UK";2022-02-15;3948.27;4897;1956;75
"GA";"UK";2022-02-14;3418.13;4601;1806;81
"GA";"UK";2022-02-13;2065.73;3086;1229;57
"GA";"UK";2022-02-12;1902.76;3236;1284;45
"GA";"UK";2022-02-11;2932.76;4387;1733;75
"GA";"UK";2022-02-10;3638.45;5248;2073;84
"GA";"UK";2022-02-09;3789.18;5388;2141;96
"GA";"UK";2022-02-08;3927.22;5585;2228;87
"GA";"UK";2022-02-07;3888.59;5305;2084;63
"GA";"UK";2022-02-06;2475.81;3719;1470;42
"GA";"UK";2022-02-05;1835.81;2852;1124;33
"GA";"UK";2022-02-04;2247.12;3506;1377;81
"GA";"UK";2022-02-03;3068.39;4669;1848;99
"GA";"UK";2022-02-02;3098.33;4778;1897;87
"GA";"UK";2022-02-01;3124.59;4736;1892;75
"GA";"UK";2022-01-31;3108.82;5068;1993;93
"GA";"UK";2022-01-30;2043.35;3548;1405;54
"GA";"UK";2022-01-29;1887.59;3286;1309;45
"GA";"UK";2022-01-28;2708.14;4524;1796;81
"GA";"UK";2022-01-27;3371.68;4898;1951;75
"GA";"UK";2022-01-26;3507.64;5210;2065;78
"GA";"UK";2022-01-25;3161.16;4866;1937;69
"GA";"UK";2022-01-24;3182.03;4977;1986;96
"GA";"UK";2022-01-23;2195.8;3330;1330;66
"GA";"UK";2022-01-22;1829.59;3153;1244;48
"GA";"UK";2022-01-21;3022.01;4840;1925;108
"GA";"UK";2022-01-20;4228.81;6156;2455;150
"GA";"UK";2022-01-19;4370.09;6124;2403;114
"GA";"UK";2022-01-18;4124.07;5911;2345;162
"GA";"UK";2022-01-17;3969.49;5854;2323;93
"GA";"UK";2022-01-16;2616.36;4092;1616;69
"GA";"UK";2022-01-15;2182.51;3554;1396;42
"GA";"UK";2022-01-14;3385.88;5039;2007;72
"GA";"UK";2022-01-13;3788.37;5735;2269;120
"GA";"UK";2022-01-12;3669.82;5716;2254;120
"GA";"UK";2022-01-11;3928.76;6136;2435;111
"GA";"UK";2022-01-10;4066.9;6420;2563;81
"GA";"UK";2022-01-09;2674.19;4501;1778;69
"GA";"UK";2022-01-08;2221.68;4055;1622;87
"GA";"UK";2022-01-07;3074.97;5247;2090;87
"GA";"UK";2022-01-06;3645.89;5760;2273;153
"GA";"UK";2022-01-05;3555.17;5791;2277;144
"GA";"UK";2022-01-04;3425.61;5552;2186;147
"GA";"UK";2022-01-03;3202.31;5550;2214;129
"GA";"UK";2022-01-02;2475.52;4268;1694;72
"GA";"UK";2022-01-01;1710.52;3167;1247;30
"GA";"US";2023-01-31;23191;71627;28259;729
"GA";"US";2023-01-30;29060.43;78340;30968;951
"GA";"US";2023-01-29;25994.41;67316;26860;597
"GA";"US";2023-01-28;25043.93;67170;26573;627
"GA";"US";2023-01-27;30382.29;79455;31499;801
"GA";"US";2023-01-26;46381.75;105754;41663;1080
"GA";"US";2023-01-25;52681.89;101168;40446;1017
"GA";"US";2023-01-24;51862.37;110070;43857;1164
"GA";"US";2023-01-23;48603.57;103940;40856;1173
"GA";"US";2023-01-22;41455.15;101583;40544;696
"GA";"US";2023-01-21;42294.45;103693;40689;807
"GA";"US";2023-01-20;49740.44;117483;46634;1110
"GA";"US";2023-01-19;57391.87;128667;50598;1260
"GA";"US";2023-01-18;58379.55;84766;33315;1344
"GA";"US";2023-01-17;60017.24;22056;8737;1425
"GA";"US";2023-01-16;55795.63;63319;24969;1314
"GA";"US";2023-01-15;46806.39;105974;41981;840
"GA";"US";2023-01-14;44825.7;104843;41124;795
"GA";"US";2023-01-13;53998.91;118986;47533;1146
"GA";"US";2023-01-12;60785.38;130621;52084;1404
"GA";"US";2023-01-11;74986.61;146638;57748;1455
"GA";"US";2023-01-10;76574.93;146294;57890;1443
"GA";"US";2023-01-09;77696.42;145641;57775;1491
"GA";"US";2023-01-08;64223.33;125490;49213;1035
"GA";"US";2023-01-07;54707.77;112304;44693;747
"GA";"US";2023-01-06;57073.82;121219;48000;1023
"GA";"US";2023-01-05;54145.56;128635;51373;1257
"GA";"US";2023-01-04;53978.83;116343;45792;1074
"GA";"US";2023-01-03;33786.34;87919;34901;828
"GA";"US";2023-01-02;27968.34;80750;31790;678
"GA";"US";2023-01-01;24313.82;66274;26405;465
"GA";"US";2022-12-31;22489.37;66972;26291;495
"GA";"US";2022-12-30;28276.95;73691;29274;612
"GA";"US";2022-12-29;30506.48;76334;30218;660
"GA";"US";2022-12-28;31052.41;78147;31189;801
"GA";"US";2022-12-27;32357.58;80252;31542;774
"GA";"US";2022-12-26;28021.42;71275;27976;498
"GA";"US";2022-12-25;23668.99;59050;23601;357
"GA";"US";2022-12-24;24019.35;62907;24917;429
"GA";"US";2022-12-23;31458.91;75671;30132;549
"GA";"US";2022-12-22;40575.85;84736;33322;753
"GA";"US";2022-12-21;39397.98;83374;32999;726
"GA";"US";2022-12-20;45488.9;93804;37518;879
"GA";"US";2022-12-19;46347.41;92566;36822;888
"GA";"US";2022-12-18;38433.12;78276;31108;486
"GA";"US";2022-12-17;36114.33;76612;30288;624
"GA";"US";2022-12-16;45327.39;94733;37705;885
"GA";"US";2022-12-15;54135.41;101938;40740;990
"GA";"US";2022-12-14;45892.6;91803;36640;954
"GA";"US";2022-12-13;43637.43;97790;38573;963
"GA";"US";2022-12-12;46630.06;101417;39819;906
"GA";"US";2022-12-11;42827.83;89826;35708;792
"GA";"US";2022-12-10;40547.39;84878;33898;729
"GA";"US";2022-12-09;57113.57;107384;42679;972
"GA";"US";2022-12-08;57204.74;111853;44189;990
"GA";"US";2022-12-07;53865.69;106114;42075;954
"GA";"US";2022-12-06;58634.05;117841;46393;1020
"GA";"US";2022-12-05;65235.46;123923;49294;1170
"GA";"US";2022-12-04;47468.51;85659;33877;756
"GA";"US";2022-12-03;24366.51;61524;24589;513
"GA";"US";2022-12-02;33816.31;77231;30775;735
"GA";"US";2022-12-01;39216.51;89632;35339;963
"GA";"US";2022-11-30;49869.75;102746;40430;1164
"GA";"US";2022-11-29;50859.85;99451;39378;1071
"GA";"US";2022-11-28;49996.63;99899;39511;1185
"GA";"US";2022-11-27;38609.15;78207;31282;648
"GA";"US";2022-11-26;34875.13;76158;30376;678
"GA";"US";2022-11-25;35524.49;80940;31825;786
"GA";"US";2022-11-24;34247.86;84675;33814;795
"GA";"US";2022-11-23;41083.09;93827;37348;1038
"GA";"US";2022-11-22;46269.2;100635;39479;1038
"GA";"US";2022-11-21;53640.2;112110;44332;1059
"GA";"US";2022-11-20;45187.43;88877;35375;687
"GA";"US";2022-11-19;43924.2;89960;35547;708
"GA";"US";2022-11-18;48262.39;98347;39314;936
"GA";"US";2022-11-17;59721.29;108459;43257;1137
"GA";"US";2022-11-16;62141.35;118090;46581;1254
"GA";"US";2022-11-15;73741.17;135277;54040;1227
"GA";"US";2022-11-14;66808.91;124828;49318;1194
"GA";"US";2022-11-13;50984.25;100515;39466;756
"GA";"US";2022-11-12;42362.06;86432;34512;729
"GA";"US";2022-11-11;61291.97;120117;47130;906
"GA";"US";2022-11-10;75498.75;137049;54791;1194
"GA";"US";2022-11-09;86745.09;150994;59534;1452
"GA";"US";2022-11-08;98462.21;166177;65873;1521
"GA";"US";2022-11-07;70930.27;119473;47254;1008
"GA";"US";2022-11-06;45822.41;92698;36443;648
"GA";"US";2022-11-05;40170.19;85710;33908;693
"GA";"US";2022-11-04;43593.23;90257;35578;846
"GA";"US";2022-11-03;36138.43;81399;32159;855
"GA";"US";2022-11-02;33112.13;82993;32992;840
"GA";"US";2022-11-01;37673.41;85193;33812;801
"GA";"US";2022-10-31;35099.37;82949;33046;861
"GA";"US";2022-10-30;32161.92;75621;29741;597
"GA";"US";2022-10-29;31199.37;71814;28381;609
"GA";"US";2022-10-28;41125.15;89630;35318;834
"GA";"US";2022-10-27;54499.19;105256;41634;1107
"GA";"US";2022-10-26;59092.51;112198;44633;1329
"GA";"US";2022-10-25;59158.41;110581;43591;1149
"GA";"US";2022-10-24;60270.35;114666;45368;1146
"GA";"US";2022-10-23;51800.82;94253;37442;909
"GA";"US";2022-10-22;46242.39;86949;34425;849
"GA";"US";2022-10-21;55522;104515;41135;1128
"GA";"US";2022-10-20;63611.18;115235;45614;1167
"GA";"US";2022-10-19;72506.65;124998;49797;1461
"GA";"US";2022-10-18;78006.47;131297;51643;1209
"GA";"US";2022-10-17;75687.35;122886;48793;1134
"GA";"US";2022-10-16;52003.23;85913;34158;699
"GA";"US";2022-10-15;39806.47;75308;29666;585
"GA";"US";2022-10-14;44486.86;83540;32933;795
"GA";"US";2022-10-13;51911.24;97105;38201;921
"GA";"US";2022-10-12;52744.35;98471;38945;807
"GA";"US";2022-10-11;51028.22;98154;39241;726
"GA";"US";2022-10-10;58775.11;111973;44358;831
"GA";"US";2022-10-09;47714.8;92094;36442;600
"GA";"US";2022-10-08;48201.48;93872;36931;606
"GA";"US";2022-10-07;60234.99;110155;43429;894
"GA";"US";2022-10-06;47912.03;92880;36744;834
"GA";"US";2022-10-05;41240.57;89128;35599;882
"GA";"US";2022-10-04;51974.78;106141;42341;1185
"GA";"US";2022-10-03;50590.61;101052;39875;948
"GA";"US";2022-10-02;38369.91;81920;32703;678
"GA";"US";2022-10-01;38180.69;80467;32056;621
"GA";"US";2022-09-30;46797.86;95680;37994;831
"GA";"US";2022-09-29;47423.24;98982;38934;987
"GA";"US";2022-09-28;48343.32;101202;40290;1047
"GA";"US";2022-09-27;55641.12;111827;44109;1143
"GA";"US";2022-09-26;55523.31;108455;43289;1224
"GA";"US";2022-09-25;43406.06;88074;34689;675
"GA";"US";2022-09-24;39210.37;81886;32588;801
"GA";"US";2022-09-23;45252.35;90362;35753;930
"GA";"US";2022-09-22;51154.51;102569;41000;1065
"GA";"US";2022-09-21;55975.35;110755;43599;867
"GA";"US";2022-09-20;57468.29;108850;43248;1017
"GA";"US";2022-09-19;50969.53;102380;40215;1044
"GA";"US";2022-09-18;39649.37;80486;31966;606
"GA";"US";2022-09-17;32662.64;73789;28951;555
"GA";"US";2022-09-16;52369.08;100340;39830;900
"GA";"US";2022-09-15;53565.33;104267;41303;942
"GA";"US";2022-09-14;65003.51;116134;46002;1197
"GA";"US";2022-09-13;67425.1;114751;45889;1116
"GA";"US";2022-09-12;63836.95;112075;44262;1071
"GA";"US";2022-09-11;48603.01;89051;35259;705
"GA";"US";2022-09-10;42778.95;82012;32596;720
"GA";"US";2022-09-09;53729.49;97440;38528;963
"GA";"US";2022-09-08;55387.59;104715;41375;1185
"GA";"US";2022-09-07;54620.03;104294;41355;1062
"GA";"US";2022-09-06;56799.54;105152;41918;984
"GA";"US";2022-09-05;46429.36;97743;38546;966
"GA";"US";2022-09-04;37024.83;77444;30521;576
"GA";"US";2022-09-03;27615.79;64844;25507;459
"GA";"US";2022-09-02;35542.34;79706;31545;759
"GA";"US";2022-09-01;42211.65;87664;34855;834
"GA";"US";2022-08-31;46913.03;94533;37471;1044
"GA";"US";2022-08-30;51905.84;104646;41539;1140
"GA";"US";2022-08-29;51252.66;103332;41128;1104
"GA";"US";2022-08-28;39098.09;79031;31204;657
"GA";"US";2022-08-27;35543.59;76094;29867;606
"GA";"US";2022-08-26;45578.77;87527;34808;906
"GA";"US";2022-08-25;53222.66;97621;38547;1134
"GA";"US";2022-08-24;57969.19;102680;40636;1056
"GA";"US";2022-08-23;59241.23;107345;42431;1245
"GA";"US";2022-08-22;63543.54;109447;43757;1098
"GA";"US";2022-08-21;52513.73;88384;35350;729
"GA";"US";2022-08-20;44074.23;78731;31410;657
"GA";"US";2022-08-19;53830.75;92103;36823;888
"GA";"US";2022-08-18;61493.37;102772;41033;1089
"GA";"US";2022-08-17;73927.69;116493;46158;1197
"GA";"US";2022-08-16;73632.08;118073;47044;1179
"GA";"US";2022-08-15;68390.78;108365;42651;1179
"GA";"US";2022-08-14;48336.37;79293;31563;672
"GA";"US";2022-08-13;39401.37;70164;27794;633
"GA";"US";2022-08-12;55226.26;90884;35888;1059
"GA";"US";2022-08-11;63604.87;96380;38430;1116
"GA";"US";2022-08-10;67886.38;104117;40961;1224
"GA";"US";2022-08-09;68715.55;100553;39873;1014
"GA";"US";2022-08-08;64367.81;95584;38056;1002
"GA";"US";2022-08-07;37217.65;64536;25661;612
"GA";"US";2022-08-06;30006.97;56878;22679;510
"GA";"US";2022-08-05;28333.02;56962;22521;669
"GA";"US";2022-08-04;29828.81;57937;23106;612
"GA";"US";2022-08-03;21166.76;49883;19882;543
"GA";"US";2022-08-02;16952.87;44346;17619;459
"GA";"US";2022-08-01;14712.73;41547;16558;381
"GA";"US";2022-07-31;11344.59;32479;12887;144
"GA";"US";2022-07-30;11283.19;32365;12789;171
"GA";"US";2022-07-29;15232.83;40690;16056;288
"GA";"US";2022-07-28;19139.03;47711;18775;327
"GA";"US";2022-07-27;23235.67;53140;21098;426
"GA";"US";2022-07-26;24459.63;54346;21332;510
"GA";"US";2022-07-25;22361.27;50629;20244;423
"GA";"US";2022-07-24;18295.27;42881;16945;378
"GA";"US";2022-07-23;19138.24;44047;17457;354
"GA";"US";2022-07-22;24519.76;52973;21040;450
"GA";"US";2022-07-21;28831.9;61331;24107;597
"GA";"US";2022-07-20;31351;62034;24776;621
"GA";"US";2022-07-19;31733.64;63062;24787;621
"GA";"US";2022-07-18;38305.16;67390;26855;663
"GA";"US";2022-07-17;26267.81;51759;20615;399
"GA";"US";2022-07-16;24122.41;49832;19592;408
"GA";"US";2022-07-15;33086.9;62644;25027;600
"GA";"US";2022-07-14;41957.37;71492;28463;711
"GA";"US";2022-07-13;85565.17;111935;43902;834
"GA";"US";2022-07-12;106699.9;123956;48919;1089
"GA";"US";2022-07-11;103308.93;123025;48785;993
"GA";"US";2022-07-10;67588.38;93755;37221;633
"GA";"US";2022-07-09;68022.99;93676;37128;663
"GA";"US";2022-07-08;71412.03;105150;41396;864
"GA";"US";2022-07-07;81302;107375;42388;870
"GA";"US";2022-07-06;49505.15;85517;33891;726
"GA";"US";2022-07-05;46870.31;74452;29749;690
"GA";"US";2022-07-04;34481.61;63073;25110;552
"GA";"US";2022-07-03;28314.57;51492;20501;381
"GA";"US";2022-07-02;28532.73;51665;20571;303
"GA";"US";2022-07-01;45437.17;85540;34174;585
"GA";"US";2022-06-30;60433.08;96346;38159;567
"GA";"US";2022-06-29;55407.73;79466;31632;687
"GA";"US";2022-06-28;49963.73;82931;32677;753
"GA";"US";2022-06-27;59210.82;85599;33869;774
"GA";"US";2022-06-26;41302.89;63295;24847;537
"GA";"US";2022-06-25;38949.13;58871;23508;423
"GA";"US";2022-06-24;44704.31;67926;26665;588
"GA";"US";2022-06-23;45306.09;71174;28064;747
"GA";"US";2022-06-22;49544.67;80836;31749;777
"GA";"US";2022-06-21;51333.4;75594;29871;786
"GA";"US";2022-06-20;39819.01;67263;26819;609
"GA";"US";2022-06-19;30998.11;54614;21766;444
"GA";"US";2022-06-18;35929.71;62878;24789;618
"GA";"US";2022-06-17;45646.9;75841;29983;717
"GA";"US";2022-06-16;52480.55;80296;31919;765
"GA";"US";2022-06-15;57117.42;87895;34623;870
"GA";"US";2022-06-14;62722.65;95485;37939;1041
"GA";"US";2022-06-13;64290.26;95990;37750;951
"GA";"US";2022-06-12;42029.46;64958;25685;525
"GA";"US";2022-06-11;34040.63;53002;21026;495
"GA";"US";2022-06-10;29138.02;50619;19877;498
"GA";"US";2022-06-09;33765.59;67330;26685;588
"GA";"US";2022-06-08;42804.97;77667;31005;756
"GA";"US";2022-06-07;43212.49;79334;31441;834
"GA";"US";2022-06-06;44232.82;83331;32689;807
"GA";"US";2022-06-05;31760.19;64145;25192;528
"GA";"US";2022-06-04;28874.37;57489;22797;465
"GA";"US";2022-06-03;31922.41;63986;25157;636
"GA";"US";2022-06-02;46046.3;81507;32408;777
"GA";"US";2022-06-01;48339.15;86250;33958;891
"GA";"US";2022-05-31;42749.76;84438;33243;795
"GA";"US";2022-05-30;37245.51;81660;32413;735
"GA";"US";2022-05-29;32432.59;66927;26568;510
"GA";"US";2022-05-28;31222.16;66351;26202;525
"GA";"US";2022-05-27;41667.57;84626;33277;780
"GA";"US";2022-05-26;52752.79;96154;37963;939
"GA";"US";2022-05-25;52187.28;96900;38364;1101
"GA";"US";2022-05-24;55074.41;98490;39279;1023
"GA";"US";2022-05-23;51228.85;96777;38242;954
"GA";"US";2022-05-22;39367.29;75441;30151;669
"GA";"US";2022-05-21;37596.43;73301;29031;618
"GA";"US";2022-05-20;49319.01;94690;37324;942
"GA";"US";2022-05-19;63445.65;112920;44497;1161
"GA";"US";2022-05-18;73614.19;120119;47987;1434
"GA";"US";2022-05-17;86391.49;129874;51494;1554
"GA";"US";2022-05-16;86906.33;132461;52459;1572
"GA";"US";2022-05-15;56663.67;93023;37009;981
"GA";"US";2022-05-14;40278.89;74765;29552;726
"GA";"US";2022-05-13;72086.25;80216;31621;870
"GA";"US";2022-05-12;85916.34;137495;54224;1557
"GA";"US";2022-05-11;81843.19;141103;56310;1839
"GA";"US";2022-05-10;81020.83;141320;55885;1731
"GA";"US";2022-05-09;76558.74;138328;54462;1746
"GA";"US";2022-05-08;52859.37;99105;39459;948
"GA";"US";2022-05-07;55930.03;104990;41396;1221
"GA";"US";2022-05-06;71972.97;132530;52138;1545
"GA";"US";2022-05-05;69014.52;127851;51019;1416
"GA";"US";2022-05-04;69139.34;131041;51430;1536
"GA";"US";2022-05-03;65467.51;126740;49949;1419
"GA";"US";2022-05-02;62626.06;122569;48245;1338
"GA";"US";2022-05-01;47320.17;94076;37488;936
"GA";"US";2022-04-30;37900.99;80292;32100;903
"GA";"US";2022-04-29;54832.07;106359;41821;1260
"GA";"US";2022-04-28;66700.91;121682;47794;1731
"GA";"US";2022-04-27;70870.33;123810;49388;1710
"GA";"US";2022-04-26;71111.15;129377;51261;1749
"GA";"US";2022-04-25;68357.11;128953;51108;1599
"GA";"US";2022-04-24;48066.84;101890;40193;999
"GA";"US";2022-04-23;57977.65;110893;44299;1092
"GA";"US";2022-04-22;83574.77;141330;55715;1527
"GA";"US";2022-04-21;68908.41;118405;46990;1281
"GA";"US";2022-04-20;67234.16;123076;48780;1440
"GA";"US";2022-04-19;69908.98;127993;50465;1596
"GA";"US";2022-04-18;70613.02;126039;49946;1407
"GA";"US";2022-04-17;48516.11;93911;36828;1008
"GA";"US";2022-04-16;49711.19;93447;36757;801
"GA";"US";2022-04-15;61791.77;108628;42743;1224
"GA";"US";2022-04-14;80703.16;134018;52803;1689
"GA";"US";2022-04-13;89746.44;149422;59635;1725
"GA";"US";2022-04-12;95811.2;172436;67836;1836
"GA";"US";2022-04-11;99116.65;175648;69134;1929
"GA";"US";2022-04-10;77281.19;138727;54412;1281
"GA";"US";2022-04-09;73953.77;129885;51904;1365
"GA";"US";2022-04-08;89102.75;159403;62823;1794
"GA";"US";2022-04-07;94874.59;167324;66373;1935
"GA";"US";2022-04-06;90277.96;168208;66509;2070
"GA";"US";2022-04-05;91433.59;171691;67554;1995
"GA";"US";2022-04-04;89615.6;172777;69092;1782
"GA";"US";2022-04-03;59380.26;123371;49337;1059
"GA";"US";2022-04-02;53667.94;118934;46644;1095
"GA";"US";2022-04-01;64074.64;140631;55404;1440
"GA";"US";2022-03-31;68299.81;147107;58475;1635
"GA";"US";2022-03-30;77179.4;159176;62653;1929
"GA";"US";2022-03-29;86020.23;164472;64510;1794
"GA";"US";2022-03-28;87606.93;146830;58497;1641
"GA";"US";2022-03-27;49582.31;98967;39082;960
"GA";"US";2022-03-26;50058.17;99135;39310;897
"GA";"US";2022-03-25;68443.58;118441;46504;1281
"GA";"US";2022-03-24;77078.97;133734;52457;1590
"GA";"US";2022-03-23;75961.41;124804;49470;1560
"GA";"US";2022-03-22;77338.65;134264;53459;1623
"GA";"US";2022-03-21;81955.15;124052;48940;1413
"GA";"US";2022-03-20;54123.37;80529;31857;957
"GA";"US";2022-03-19;36238.55;73768;29166;840
"GA";"US";2022-03-18;46945.42;91388;36241;1215
"GA";"US";2022-03-17;52604.31;100941;40035;1473
"GA";"US";2022-03-16;52746.02;104910;41469;1413
"GA";"US";2022-03-15;55808.91;110283;43718;1527
"GA";"US";2022-03-14;50765.22;102953;40408;1344
"GA";"US";2022-03-13;37721.19;80990;31858;909
"GA";"US";2022-03-12;39415.48;78704;31342;900
"GA";"US";2022-03-11;48388.33;96154;38141;1350
"GA";"US";2022-03-10;55897.31;107448;42621;1479
"GA";"US";2022-03-09;60206.77;110466;44168;1509
"GA";"US";2022-03-08;59061.84;110416;43833;1539
"GA";"US";2022-03-07;54986.59;103898;41211;1326
"GA";"US";2022-03-06;36320.89;76409;30447;915
"GA";"US";2022-03-05;33390.01;72615;28642;900
"GA";"US";2022-03-04;38040.36;82060;32815;1149
"GA";"US";2022-03-03;41199.2;89046;35105;1299
"GA";"US";2022-03-02;41310.51;90166;35757;1320
"GA";"US";2022-03-01;43043.25;93102;36704;1362
"GA";"US";2022-02-28;40170.29;88532;35403;1476
"GA";"US";2022-02-27;32933.5;70126;28025;897
"GA";"US";2022-02-26;29526.98;67150;26637;951
"GA";"US";2022-02-25;39227.89;86662;34224;1245
"GA";"US";2022-02-24;44978.88;93047;37056;1449
"GA";"US";2022-02-23;45523.57;97926;38528;1446
"GA";"US";2022-02-22;52107.87;106183;41891;1764
"GA";"US";2022-02-21;47629.68;101353;39825;1599
"GA";"US";2022-02-20;36881.55;79355;31481;1161
"GA";"US";2022-02-19;38941.11;79561;31565;1107
"GA";"US";2022-02-18;41980.73;93294;37132;1413
"GA";"US";2022-02-17;47137.39;91270;36237;1299
"GA";"US";2022-02-16;45123.94;91003;36233;1407
"GA";"US";2022-02-15;44771.08;89097;34987;1257
"GA";"US";2022-02-14;43116.98;84783;33593;1356
"GA";"US";2022-02-13;31665.29;65673;26244;894
"GA";"US";2022-02-12;30836.7;69504;27378;822
"GA";"US";2022-02-11;46683.74;95624;37998;1491
"GA";"US";2022-02-10;54420.5;108883;43077;1716
"GA";"US";2022-02-09;60396.54;116621;46026;1968
"GA";"US";2022-02-08;62514.79;116520;46351;2082
"GA";"US";2022-02-07;55701.46;114553;45773;1800
"GA";"US";2022-02-06;46743.39;89488;35493;1269
"GA";"US";2022-02-05;44493.63;83395;32956;1245
"GA";"US";2022-02-04;44028.37;85681;33616;1260
"GA";"US";2022-02-03;42700.55;95247;37374;1350
"GA";"US";2022-02-02;45326.89;95767;38239;1581
"GA";"US";2022-02-01;46511.33;100252;39705;1611
"GA";"US";2022-01-31;41134.76;92302;36631;1380
"GA";"US";2022-01-30;31500.75;71952;28558;828
"GA";"US";2022-01-29;29358.05;68483;27220;930
"GA";"US";2022-01-28;35845.68;81680;32232;1452
"GA";"US";2022-01-27;43708.63;92961;36974;1527
"GA";"US";2022-01-26;45596.92;94023;37318;1455
"GA";"US";2022-01-25;47318.64;97659;38305;1539
"GA";"US";2022-01-24;46734.05;98283;38700;1494
"GA";"US";2022-01-23;35823.05;75149;29873;909
"GA";"US";2022-01-22;37482.46;77743;30597;1104
"GA";"US";2022-01-21;49756.68;94938;37808;1614
"GA";"US";2022-01-20;62252.53;111936;44330;2043
"GA";"US";2022-01-19;53511.26;104907;41823;1749
"GA";"US";2022-01-18;50954.21;103517;41308;1830
"GA";"US";2022-01-17;46400.87;100571;39519;1650
"GA";"US";2022-01-16;36611.69;77831;31074;1041
"GA";"US";2022-01-15;33450.45;74507;29296;1011
"GA";"US";2022-01-14;40833.49;86380;34362;1392
"GA";"US";2022-01-13;53689.24;120098;48013;1767
"GA";"US";2022-01-12;65993.82;133454;52554;2016
"GA";"US";2022-01-11;66688.08;132431;52595;1857
"GA";"US";2022-01-10;71887.07;143595;57409;1989
"GA";"US";2022-01-09;56508.37;114539;45142;1215
"GA";"US";2022-01-08;52660.97;104717;41862;1242
"GA";"US";2022-01-07;62851.1;125956;49949;1521
"GA";"US";2022-01-06;72116.21;136482;54314;1641
"GA";"US";2022-01-05;72017.17;137039;54275;1698
"GA";"US";2022-01-04;71836.29;140176;55347;1800
"GA";"US";2022-01-03;69686.51;136140;54365;1671
"GA";"US";2022-01-02;56056.97;112693;44915;1407
"GA";"US";2022-01-01;50560.21;95963;38305;930
